id,name,source_type,source_name,faction
6,Brown Horse,VENDOR,Vendor,Alliance
7,Gray Wolf,VENDOR,Vendor,
8,White Stallion,VENDOR,Vendor,
9,Black Stallion,VENDOR,Vendor,Alliance
11,Pinto,VENDOR,Vendor,Alliance
12,Black Wolf,VENDOR,Vendor,
13,Red Wolf,VENDOR,Vendor,
14,Timber Wolf,VENDOR,Vendor,Horde
15,Winter Wolf,VENDOR,Vendor,
17,Felsteed,QUEST,Quest,
18,Chestnut Mare,VENDOR,Vendor,Alliance
19,Dire Wolf,VENDOR,Vendor,Horde
20,Brown Wolf,VENDOR,Vendor,Horde
21,Gray Ram,VENDOR,Vendor,Alliance
22,Black Ram,VENDOR,Vendor,
24,White Ram,VENDOR,Vendor,Alliance
25,Brown Ram,VENDOR,Vendor,Alliance
26,Striped Frostsaber,VENDOR,Vendor,Alliance
27,Emerald Raptor,VENDOR,Vendor,Horde
28,Skeletal Horse,VENDOR,Vendor,
31,Spotted Frostsaber,VENDOR,Vendor,Alliance
32,Tiger,ACHIEVEMENT,Achievement,
34,Striped Nightsaber,VENDOR,Vendor,Alliance
35,Ivory Raptor,VENDOR,Vendor,
36,Turquoise Raptor,VENDOR,Vendor,Horde
38,Violet Raptor,VENDOR,Vendor,Horde
39,Red Mechanostrider,VENDOR,Vendor,Alliance
40,Blue Mechanostrider,VENDOR,Vendor,Alliance
41,Warhorse,QUEST,Quest,Alliance
42,White Mechanostrider Mod B,VENDOR,Vendor,Alliance
43,Green Mechanostrider,VENDOR,Vendor,
45,Black Nightsaber,VENDOR,Vendor,Alliance
46,Ancient Frostsaber,VENDOR,Vendor,Alliance
50,Red Wolf,VENDOR,Vendor,Horde
51,Arctic Wolf,DROP,Drop,Horde
52,Palomino,VENDOR,Vendor,Alliance
53,White Stallion,VENDOR,Vendor,Alliance
54,Mottled Red Raptor,VENDOR,Vendor,Horde
55,Winterspring Frostsaber,QUEST,Quest,Alliance
56,Ivory Raptor,VENDOR,Vendor,Horde
57,Green Mechanostrider,VENDOR,Vendor,Alliance
58,Unpainted Mechanostrider,VENDOR,Vendor,Alliance
62,Icy Blue Mechanostrider Mod A,VENDOR,Vendor,Alliance
63,Frost Ram,VENDOR,Vendor,Alliance
64,Black Ram,VENDOR,Vendor,Alliance
65,Red Skeletal Horse,VENDOR,Vendor,Horde
66,Blue Skeletal Horse,VENDOR,Vendor,Horde
67,Brown Skeletal Horse,VENDOR,Vendor,Horde
68,Green Skeletal Warhorse,VENDOR,Vendor,Horde
69,Rivendare's Deathcharger,DROP,Drop,
70,Riding Kodo,VENDOR,Vendor,
71,Gray Kodo,VENDOR,Vendor,Horde
72,Brown Kodo,VENDOR,Vendor,Horde
73,Green Kodo,VENDOR,Vendor,Horde
74,Teal Kodo,VENDOR,Vendor,Horde
75,Black War Steed,VENDOR,Vendor,Alliance
76,Black War Kodo,VENDOR,Vendor,Horde
77,Black Battlestrider,VENDOR,Vendor,Alliance
78,Black War Ram,VENDOR,Vendor,Alliance
79,Black War Raptor,VENDOR,Vendor,Horde
80,Red Skeletal Warhorse,VENDOR,Vendor,Horde
81,Black War Tiger,VENDOR,Vendor,Alliance
82,Black War Wolf,VENDOR,Vendor,Horde
83,Dreadsteed,QUEST,Quest,
84,Charger,QUEST,Quest,Alliance
85,Swift Mistsaber,VENDOR,Vendor,Alliance
87,Swift Frostsaber,VENDOR,Vendor,Alliance
88,Swift Yellow Mechanostrider,VENDOR,Vendor,Alliance
89,Swift White Mechanostrider,VENDOR,Vendor,Alliance
90,Swift Green Mechanostrider,VENDOR,Vendor,Alliance
91,Swift Palomino,VENDOR,Vendor,Alliance
92,Swift White Steed,VENDOR,Vendor,Alliance
93,Swift Brown Steed,VENDOR,Vendor,Alliance
94,Swift Brown Ram,VENDOR,Vendor,Alliance
136,Swift Red Wind Rider,VENDOR,Vendor,Horde
137,Swift Red Gryphon,VENDOR,Vendor,Alliance
138,Swift Green Gryphon,VENDOR,Vendor,Alliance
139,Swift Purple Gryphon,VENDOR,Vendor,Alliance
140,Swift Green Wind Rider,VENDOR,Vendor,Horde
141,Swift Yellow Wind Rider,VENDOR,Vendor,Horde
142,Swift Purple Wind Rider,VENDOR,Vendor,Horde
145,Blue Mechanostrider,VENDOR,Vendor,
146,Swift Pink Hawkstrider,VENDOR,Vendor,Horde
147,Brown Elekk,VENDOR,Vendor,Alliance
149,Thalassian Charger,QUEST,Quest,Horde
150,Thalassian Warhorse,QUEST,Quest,Horde
151,Dark War Talbuk,VENDOR,Vendor,
152,Red Hawkstrider,VENDOR,Vendor,Horde
153,Cobalt War Talbuk,VENDOR,Vendor,
154,White War Talbuk,VENDOR,Vendor,
155,Silver War Talbuk,VENDOR,Vendor,
1329,Springfur Alpaca,QUEST,Quest,
156,Tan War Talbuk,VENDOR,Vendor,
1327,Ren's Stalwart Hound,DROP,Drop,
1328,Xinlao,DROP,Drop,
157,Purple Hawkstrider,VENDOR,Vendor,Horde
158,Blue Hawkstrider,VENDOR,Vendor,Horde
159,Black Hawkstrider,VENDOR,Vendor,Horde
160,Swift Green Hawkstrider,VENDOR,Vendor,Horde
161,Swift Purple Hawkstrider,VENDOR,Vendor,Horde
162,Swift Warstrider,VENDOR,Vendor,Horde
163,Gray Elekk,VENDOR,Vendor,Alliance
164,Purple Elekk,VENDOR,Vendor,Alliance
165,Great Green Elekk,VENDOR,Vendor,Alliance
166,Great Blue Elekk,VENDOR,Vendor,Alliance
167,Great Purple Elekk,VENDOR,Vendor,Alliance
168,Fiery Warhorse,DROP,Drop,
169,Swift Nether Drake,ACHIEVEMENT,Achievement,
170,Cobalt Riding Talbuk,VENDOR,Vendor,
171,Dark Riding Talbuk,VENDOR,Vendor,
172,Silver Riding Talbuk,VENDOR,Vendor,
173,Tan Riding Talbuk,VENDOR,Vendor,
1319,Malevolent Drone,DROP,Drop,
1320,Shadowbarb Drone,QUEST,Quest,
1321,Wicked Swarmer,VENDOR,Vendor,
174,White Riding Talbuk,VENDOR,Vendor,
176,Green Riding Nether Ray,VENDOR,Vendor,
177,Red Riding Nether Ray,VENDOR,Vendor,
178,Purple Riding Nether Ray,VENDOR,Vendor,
179,Silver Riding Nether Ray,VENDOR,Vendor,
180,Blue Riding Nether Ray,VENDOR,Vendor,
183,Ashes of Al'ar,DROP,Drop,
185,Raven Lord,DROP,Drop,
186,Onyx Netherwing Drake,QUEST,Quest,
187,Azure Netherwing Drake,QUEST,Quest,
188,Cobalt Netherwing Drake,QUEST,Quest,
189,Purple Netherwing Drake,QUEST,Quest,
190,Veridian Netherwing Drake,QUEST,Quest,
191,Violet Netherwing Drake,QUEST,Quest,
196,Spectral Tiger,TCG,Trading Card Game,
197,Swift Spectral Tiger,TCG,Trading Card Game,
199,Amani War Bear,DROP,Drop,
201,Brewfest Ram,WORLDEVENT,World Event,
855,Darkwater Skate,VENDOR,Vendor,
905,Leywoven Flying Carpet,DROP,Drop,
202,Swift Brewfest Ram,DROP,Drop,
203,Cenarion War Hippogryph,VENDOR,Vendor,
204,Turbo-Charged Flying Machine,PROFESSION,Profession,
205,Flying Machine,PROFESSION,Profession,
206,Merciless Nether Drake,ACHIEVEMENT,Achievement,
207,Merciless Nether Drake,ACHIEVEMENT,Achievement,
211,X-51 Nether-Rocket,TCG,Trading Card Game,
212,X-51 Nether-Rocket X-TREME,TCG,Trading Card Game,
95,Swift Gray Ram,VENDOR,Vendor,Alliance
96,Swift White Ram,VENDOR,Vendor,Alliance
97,Swift Blue Raptor,VENDOR,Vendor,Horde
98,Swift Olive Raptor,VENDOR,Vendor,Horde
99,Swift Orange Raptor,VENDOR,Vendor,Horde
100,Purple Skeletal Warhorse,VENDOR,Vendor,Horde
101,Great White Kodo,VENDOR,Vendor,Horde
102,Great Gray Kodo,VENDOR,Vendor,Horde
103,Great Brown Kodo,VENDOR,Vendor,Horde
104,Swift Brown Wolf,VENDOR,Vendor,Horde
105,Swift Timber Wolf,VENDOR,Vendor,Horde
106,Swift Gray Wolf,VENDOR,Vendor,Horde
107,Swift Stormsaber,VENDOR,Vendor,Alliance
108,Frostwolf Howler,VENDOR,Vendor,Horde
109,Stormpike Battle Charger,VENDOR,Vendor,Alliance
110,Swift Razzashi Raptor,DROP,Drop,
111,Swift Zulian Tiger,DROP,Drop,
116,Black Qiraji Battle Tank,DROP,Drop,
117,Blue Qiraji Battle Tank,DROP,Drop,
118,Red Qiraji Battle Tank,DROP,Drop,
119,Yellow Qiraji Battle Tank,DROP,Drop,
120,Green Qiraji Battle Tank,DROP,Drop,
121,Black Qiraji Battle Tank,DROP,Drop,
122,Black Qiraji Battle Tank,DROP,Drop,
123,Nether Drake,VENDOR,Vendor,
125,Riding Turtle,TCG,Trading Card Game,
129,Golden Gryphon,VENDOR,Vendor,Alliance
130,Ebon Gryphon,VENDOR,Vendor,Alliance
131,Snowy Gryphon,VENDOR,Vendor,Alliance
132,Swift Blue Gryphon,VENDOR,Vendor,Alliance
133,Tawny Wind Rider,VENDOR,Vendor,Horde
134,Blue Wind Rider,VENDOR,Vendor,Horde
135,Green Wind Rider,DROP,Drop,Horde
213,Swift White Hawkstrider,DROP,Drop,
1322,Wriggling Parasite,ACHIEVEMENT,Achievement,
1324,Elusive Quickhoof,DISCOVERY,Discovery,
1326,Awakened Mindborer,ACHIEVEMENT,Achievement,
219,Headless Horseman's Mount,DROP,Drop,
220,Black War Elekk,VENDOR,Vendor,Alliance
221,Acherus Deathcharger,VENDOR,Vendor,
222,Swift Zhevra,PROMOTION,Promotion,
223,Vengeful Nether Drake,ACHIEVEMENT,Achievement,
224,Swift Zhevra,PROMOTION,Promotion,
225,Brewfest Riding Kodo,WORLDEVENT,World Event,
226,Great Brewfest Kodo,DROP,Drop,
230,Big Battle Bear,TCG,Trading Card Game,
960,Orgrimmar Interceptor,PROMOTION,Promotion,Horde
963,Bloodgorged Crawg,ACHIEVEMENT,Achievement,
959,Stormwind Skychaser,PROMOTION,Promotion,Alliance
964,Amethyst Ruinstrider,VENDOR,Vendor,
965,Cerulean Ruinstrider,VENDOR,Vendor,
236,Winged Steed of the Ebon Blade,VENDOR,Vendor,
237,White Polar Bear,DROP,Drop,
238,Swift Spectral Gryphon,ACHIEVEMENT,Achievement,
240,Mechano-Hog,PROFESSION,Profession,Horde
241,Brutal Nether Drake,VENDOR,Vendor,
1317,Waste Marauder,DROP,Drop,
1318,Wastewander Skyterror,VENDOR,Vendor,
243,Big Blizzard Bear,PROMOTION,Promotion,
246,Azure Drake,DROP,Drop,
247,Blue Drake,DROP,Drop,
248,Bronze Drake,DROP,Drop,
249,Red Drake,VENDOR,Vendor,
250,Twilight Drake,DROP,Drop,
251,Black Polar Bear,VENDOR,Vendor,
253,Black Drake,DROP,Drop,
254,Black War Mammoth,VENDOR,Vendor,Alliance
382,X-53 Touring Rocket,TRADINGPOST,Trading Post,
386,Fossilized Raptor,PROFESSION,Profession,
388,Goblin Trike,VENDOR,Vendor,Horde
389,Goblin Turbo-Trike,VENDOR,Vendor,Horde
391,Volcanic Stone Drake,ACHIEVEMENT,Achievement,
392,Drake of the East Wind,ACHIEVEMENT,Achievement,
393,Phosphorescent Stone Drake,DROP,Drop,
1674,Temperamental Skyclaw,VENDOR,Vendor,
394,Drake of the West Wind,VENDOR,Vendor,
395,Drake of the North Wind,DROP,Drop,
396,Drake of the South Wind,DROP,Drop,
397,Vitreous Stone Drake,DROP,Drop,
398,Brown Riding Camel,VENDOR,Vendor,
399,Tan Riding Camel,VENDOR,Vendor,
400,Grey Riding Camel,DROP,Drop,
401,Dark Phoenix,VENDOR,Vendor,
403,Golden King,VENDOR,Vendor,Alliance
404,Ultramarine Qiraji Battle Tank,PROFESSION,Profession,
405,Spectral Steed,VENDOR,Vendor,Alliance
406,Spectral Wolf,VENDOR,Vendor,Horde
407,Sandstone Drake,PROFESSION,Profession,
408,Mottled Drake,TCG,Trading Card Game,
409,Kor'kron Annihilator,VENDOR,Vendor,Horde
410,Armored Razzashi Raptor,DROP,Drop,
411,Swift Zulian Panther,DROP,Drop,
412,Amani Dragonhawk,TCG,Trading Card Game,
413,Flameward Hippogryph,ACHIEVEMENT,Achievement,
415,Pureblood Fire Hawk,DROP,Drop,
416,Felfire Hawk,ACHIEVEMENT,Achievement,
417,Corrupted Fire Hawk,ACHIEVEMENT,Achievement,
418,Savage Raptor,TCG,Trading Card Game,
460,Grand Expedition Yak,VENDOR,Vendor,
462,Kafa Yak,VENDOR,Vendor,
463,Amber Scorpion,VENDOR,Vendor,
464,Azure Cloud Serpent,QUEST,Quest,
465,Golden Cloud Serpent,QUEST,Quest,
466,Thundering Jade Cloud Serpent,VENDOR,Vendor,
467,Cataclysmic Gladiator's Twilight Drake,VENDOR,Vendor,
468,Imperial Quilen,PROMOTION,Promotion,
469,Depleted-Kyparium Rocket,PROFESSION,Profession,
470,Geosynchronous World Spinner,PROFESSION,Profession,
471,Onyx Cloud Serpent,QUEST,Quest,
472,Crimson Cloud Serpent,ACHIEVEMENT,Achievement,
473,Heavenly Onyx Cloud Serpent,DROP,Drop,
474,Heavenly Crimson Cloud Serpent,ACHIEVEMENT,Achievement,
475,Heavenly Golden Cloud Serpent,VENDOR,Vendor,
476,"Yu'lei, Daughter of Jade",VENDOR,Vendor,
477,Heavenly Azure Cloud Serpent,ACHIEVEMENT,Achievement,
478,Astral Cloud Serpent,DROP,Drop,
479,Azure Riding Crane,VENDOR,Vendor,
480,Golden Riding Crane,VENDOR,Vendor,
481,Regal Riding Crane,VENDOR,Vendor,
482,Jungle Riding Crane,VENDOR,Vendor,
484,Black Riding Yak,VENDOR,Vendor,
485,Modest Expedition Yak,VENDOR,Vendor,
486,Grey Riding Yak,VENDOR,Vendor,
487,Blonde Riding Yak,VENDOR,Vendor,
488,Crimson Water Strider,VENDOR,Vendor,
492,Black Dragon Turtle,VENDOR,Vendor,
493,Blue Dragon Turtle,VENDOR,Vendor,
494,Brown Dragon Turtle,VENDOR,Vendor,
495,Purple Dragon Turtle,VENDOR,Vendor,
496,Red Dragon Turtle,VENDOR,Vendor,
497,Great Green Dragon Turtle,VENDOR,Vendor,
498,Great Black Dragon Turtle,VENDOR,Vendor,
499,Great Blue Dragon Turtle,VENDOR,Vendor,
500,Great Brown Dragon Turtle,VENDOR,Vendor,
501,Great Purple Dragon Turtle,VENDOR,Vendor,
503,Crimson Pandaren Phoenix,VENDOR,Vendor,
504,Thundering August Cloud Serpent,VENDOR,Vendor,
505,Green Shado-Pan Riding Tiger,VENDOR,Vendor,
506,Blue Shado-Pan Riding Tiger,VENDOR,Vendor,
507,Red Shado-Pan Riding Tiger,VENDOR,Vendor,
508,Brown Riding Goat,VENDOR,Vendor,
509,Red Flying Cloud,VENDOR,Vendor,
510,White Riding Goat,VENDOR,Vendor,
511,Black Riding Goat,VENDOR,Vendor,
515,Son of Galleon,DROP,Drop,
516,Pandaren Kite,ACHIEVEMENT,Achievement,Alliance
517,Thundering Ruby Cloud Serpent,DROP,Drop,
518,Ashen Pandaren Phoenix,VENDOR,Vendor,
519,Emerald Pandaren Phoenix,VENDOR,Vendor,
520,Violet Pandaren Phoenix,VENDOR,Vendor,
521,Jade Pandaren Kite,ACHIEVEMENT,Achievement,
522,Sky Golem,PROFESSION,Profession,
523,Swift Windsteed,PETSTORE,In-Game Shop,
526,Grand Armored Gryphon,VENDOR,Vendor,Alliance
527,Grand Armored Wyvern,VENDOR,Vendor,Horde
528,Grand Gryphon,QUEST,Quest,Alliance
529,Grand Wyvern,QUEST,Quest,Horde
530,Armored Skyscreamer,ACHIEVEMENT,Achievement,
531,Spawn of Horridon,DROP,Drop,
532,Ghastly Charger,TCG,Trading Card Game,
533,Cobalt Primordial Direhorn,DROP,Drop,
534,Amber Primordial Direhorn,DROP,Drop,
535,Slate Primordial Direhorn,DROP,Drop,
536,Jade Primordial Direhorn,DROP,Drop,
537,Bone-White Primal Raptor,QUEST,Quest,
419,Amani Battle Bear,DROP,Drop,
420,Subdued Seahorse,DROP,Drop,
421,Winged Guardian,PETSTORE,In-Game Shop,
422,Vicious War Steed,ACHIEVEMENT,Achievement,Alliance
423,Vicious War Wolf,ACHIEVEMENT,Achievement,Horde
424,Vicious Gladiator's Twilight Drake,ACHIEVEMENT,Achievement,
425,Flametalon of Alysrazor,DROP,Drop,
426,Swift Shorestrider,TCG,Trading Card Game,
428,Ruthless Gladiator's Twilight Drake,ACHIEVEMENT,Achievement,
429,Swift Forest Strider,VENDOR,Vendor,
430,Swift Springstrider,WORLDEVENT,World Event,
431,Swift Lovebird,WORLDEVENT,World Event,
432,White Riding Camel,TCG,Trading Card Game,
433,Corrupted Hippogryph,TCG,Trading Card Game,
434,Darkmoon Dancing Bear,VENDOR,Vendor,
435,Mountain Horse,VENDOR,Vendor,Alliance
436,Swift Mountain Horse,VENDOR,Vendor,Alliance
439,Tyrael's Charger,VENDOR,Vendor,
440,Spectral Gryphon,PROMOTION,Promotion,Alliance
441,Spectral Wind Rider,PROMOTION,Promotion,Horde
442,Blazing Drake,DROP,Drop,
443,Twilight Harbinger,ACHIEVEMENT,Achievement,
444,Life-Binder's Handmaiden,DROP,Drop,
445,Experiment 12-B,DROP,Drop,
446,Heart of the Aspects,PETSTORE,In-Game Shop,
447,Feldrake,TCG,Trading Card Game,
448,Jade Cloud Serpent,QUEST,Quest,
449,Azure Water Strider,VENDOR,Vendor,
450,Pandaren Kite,ACHIEVEMENT,Achievement,Horde
451,Jeweled Onyx Panther,PROFESSION,Profession,
452,Green Dragon Turtle,VENDOR,Vendor,
453,Great Red Dragon Turtle,VENDOR,Vendor,
454,Cindermane Charger,PROMOTION,Promotion,
455,Obsidian Nightwing,PROMOTION,Promotion,
456,Sapphire Panther,PROFESSION,Profession,
457,Jade Panther,PROFESSION,Profession,
458,Ruby Panther,PROMOTION,Promotion,
459,Sunstone Panther,PROFESSION,Profession,
255,Black War Mammoth,VENDOR,Vendor,Horde
256,Wooly Mammoth,VENDOR,Vendor,Alliance
257,Wooly Mammoth,VENDOR,Vendor,Horde
258,Ice Mammoth,VENDOR,Vendor,Horde
259,Ice Mammoth,VENDOR,Vendor,Alliance
262,Red Proto-Drake,ACHIEVEMENT,Achievement,
263,Black Proto-Drake,VENDOR,Vendor,
264,Blue Proto-Drake,DROP,Drop,
265,Time-Lost Proto-Drake,DROP,Drop,
266,Plagued Proto-Drake,ACHIEVEMENT,Achievement,
267,Violet Proto-Drake,ACHIEVEMENT,Achievement,
268,Albino Drake,ACHIEVEMENT,Achievement,
269,Armored Brown Bear,VENDOR,Vendor,Alliance
270,Armored Brown Bear,VENDOR,Vendor,Horde
271,Black War Bear,ACHIEVEMENT,Achievement,Alliance
272,Black War Bear,ACHIEVEMENT,Achievement,Horde
273,Grand Caravan Mammoth,VENDOR,Vendor,
274,Grand Caravan Mammoth,VENDOR,Vendor,
275,Mekgineer's Chopper,PROFESSION,Profession,Alliance
276,Armored Snowy Gryphon,VENDOR,Vendor,Alliance
277,Armored Blue Wind Rider,VENDOR,Vendor,Horde
278,Green Proto-Drake,DROP,Drop,
279,Magnificent Flying Carpet,PROFESSION,Profession,
280,Traveler's Tundra Mammoth,VENDOR,Vendor,Alliance
284,Traveler's Tundra Mammoth,VENDOR,Vendor,Horde
285,Flying Carpet,PROFESSION,Profession,
286,Grand Black War Mammoth,DROP,Drop,Alliance
287,Grand Black War Mammoth,DROP,Drop,Horde
288,Grand Ice Mammoth,VENDOR,Vendor,Horde
289,Grand Ice Mammoth,VENDOR,Vendor,Alliance
291,Blue Dragonhawk,ACHIEVEMENT,Achievement,Alliance
292,Red Dragonhawk,ACHIEVEMENT,Achievement,Horde
293,Illidari Doomhawk,DROP,Drop,
294,Stormwind Steed,VENDOR,Vendor,Alliance
295,Darkspear Raptor,VENDOR,Vendor,Horde
296,Ironforge Ram,VENDOR,Vendor,Alliance
1583,Armored Siege Kodo,TRADINGPOST,Trading Post,
297,Darnassian Nightsaber,VENDOR,Vendor,Alliance
298,Gnomeregan Mechanostrider,VENDOR,Vendor,Alliance
299,Exodar Elekk,VENDOR,Vendor,Alliance
300,Orgrimmar Wolf,VENDOR,Vendor,Horde
301,Thunder Bluff Kodo,VENDOR,Vendor,Horde
302,Silvermoon Hawkstrider,VENDOR,Vendor,Horde
303,Forsaken Warhorse,VENDOR,Vendor,Horde
304,Mimiron's Head,DROP,Drop,
305,Argent Hippogryph,VENDOR,Vendor,
306,Ironbound Proto-Drake,ACHIEVEMENT,Achievement,
307,Rusted Proto-Drake,ACHIEVEMENT,Achievement,
308,Blue Skeletal Warhorse,VENDOR,Vendor,
309,White Kodo,VENDOR,Vendor,Horde
310,Black Wolf,VENDOR,Vendor,Horde
311,Venomhide Ravasaur,QUEST,Quest,Horde
312,Sea Turtle,PROFESSION,Profession,
313,Deadly Gladiator's Frost Wyrm,VENDOR,Vendor,
314,Black Skeletal Horse,VENDOR,Vendor,Horde
317,Furious Gladiator's Frost Wyrm,VENDOR,Vendor,
318,Great Red Elekk,VENDOR,Vendor,Alliance
319,Swift Moonsaber,VENDOR,Vendor,Alliance
320,Swift Red Hawkstrider,VENDOR,Vendor,Horde
321,Swift Gray Steed,VENDOR,Vendor,Alliance
322,Great Golden Kodo,VENDOR,Vendor,Horde
323,Turbostrider,VENDOR,Vendor,Alliance
324,Swift Violet Ram,VENDOR,Vendor,Alliance
325,Swift Purple Raptor,VENDOR,Vendor,Horde
326,White Skeletal Warhorse,VENDOR,Vendor,Horde
327,Swift Burgundy Wolf,VENDOR,Vendor,Horde
328,Magic Rooster,TCG,Trading Card Game,
329,Silver Covenant Hippogryph,VENDOR,Vendor,Alliance
330,Sunreaver Dragonhawk,VENDOR,Vendor,Horde
1208,Saltwater Seahorse,VENDOR,Vendor,
331,Quel'dorei Steed,VENDOR,Vendor,Alliance
332,Sunreaver Hawkstrider,VENDOR,Vendor,Horde
333,Magic Rooster,TCG,Trading Card Game,
334,Magic Rooster,TCG,Trading Card Game,
335,Magic Rooster,TCG,Trading Card Game,
336,Ochre Skeletal Warhorse,VENDOR,Vendor,Horde
337,Striped Dawnsaber,VENDOR,Vendor,Alliance
338,Argent Charger,VENDOR,Vendor,
340,Relentless Gladiator's Frost Wyrm,ACHIEVEMENT,Achievement,
341,Argent Warhorse,VENDOR,Vendor,
342,Swift Horde Wolf,VENDOR,Vendor,Horde
343,Swift Alliance Steed,VENDOR,Vendor,Alliance
344,Crusader's White Warhorse,ACHIEVEMENT,Achievement,Alliance
345,Crusader's Black Warhorse,ACHIEVEMENT,Achievement,Horde
349,Onyxian Drake,DROP,Drop,
350,Sunwalker Kodo,QUEST,Quest,Horde
351,Great Sunwalker Kodo,QUEST,Quest,Horde
352,X-45 Heartbreaker,DROP,Drop,
358,Wrathful Gladiator's Frost Wyrm,ACHIEVEMENT,Achievement,
363,Invincible,DROP,Drop,
364,Icebound Frostbrood Vanquisher,ACHIEVEMENT,Achievement,
365,Bloodbathed Frostbrood Vanquisher,ACHIEVEMENT,Achievement,
366,Crimson Deathcharger,QUEST,Quest,
367,Exarch's Elekk,QUEST,Quest,Alliance
368,Great Exarch's Elekk,QUEST,Quest,Alliance
371,Blazing Hippogryph,TRADINGPOST,Trading Post,
372,Wooly White Rhino,TCG,Trading Card Game,
373,Vashj'ir Seahorse,QUEST,Quest,
375,Frosty Flying Carpet,PROFESSION,Profession,
376,Celestial Steed,PETSTORE,In-Game Shop,
538,Red Primal Raptor,DROP,Drop,
539,Black Primal Raptor,DROP,Drop,
540,Green Primal Raptor,DROP,Drop,
541,Malevolent Gladiator's Cloud Serpent,ACHIEVEMENT,Achievement,
542,Thundering Cobalt Cloud Serpent,DROP,Drop,
543,Clutch of Ji-Kun,DROP,Drop,
544,Armored Bloodwing,PETSTORE,In-Game Shop,
545,Golden Primal Direhorn,VENDOR,Vendor,Alliance
546,Crimson Primal Direhorn,VENDOR,Vendor,Horde
547,Hearthsteed,PROMOTION,Promotion,
548,Armored Red Dragonhawk,ACHIEVEMENT,Achievement,Horde
549,Armored Blue Dragonhawk,ACHIEVEMENT,Achievement,Alliance
550,Brawler's Burly Mushan Beast,VENDOR,Vendor,
551,Enchanted Fey Dragon,PETSTORE,In-Game Shop,
552,Ironbound Wraithcharger,VENDOR,Vendor,
554,Vicious Kaldorei Warsaber,VENDOR,Vendor,Alliance
555,Vicious Skeletal Warhorse,VENDOR,Vendor,Horde
557,Spawn of Galakras,ACHIEVEMENT,Achievement,
558,Kor'kron War Wolf,ACHIEVEMENT,Achievement,
559,Kor'kron Juggernaut,DROP,Drop,
560,Ashhide Mushan Beast,VENDOR,Vendor,
561,Thundering Onyx Cloud Serpent,DROP,Drop,
562,Tyrannical Gladiator's Cloud Serpent,ACHIEVEMENT,Achievement,
563,Grievous Gladiator's Cloud Serpent,VENDOR,Vendor,
564,Prideful Gladiator's Cloud Serpent,ACHIEVEMENT,Achievement,
935,Blue Qiraji War Tank,WORLDEVENT,World Event,
936,Red Qiraji War Tank,WORLDEVENT,World Event,
568,Emerald Hippogryph,PROMOTION,Promotion,
571,Iron Skyreaver,PETSTORE,In-Game Shop,
600,Dread Raven,PROMOTION,Promotion,
593,Warforged Nightmare,PETSTORE,In-Game Shop,
594,Grinning Reaver,PETSTORE,In-Game Shop,
606,Core Hound,ACHIEVEMENT,Achievement,
773,Grove Defiler,ACHIEVEMENT,Achievement,
780,Felsaber,QUEST,Quest,
607,Gorestrider Gronnling,ACHIEVEMENT,Achievement,
608,Witherhide Cliffstomper,VENDOR,Vendor,
678,Chauffeured Mechano-Hog,ACHIEVEMENT,Achievement,Horde
755,Vicious War Mechanostrider,VENDOR,Vendor,Alliance
679,Chauffeured Mekgineer's Chopper,ACHIEVEMENT,Achievement,Alliance
603,Creeping Carpet,PROFESSION,Profession,
1729,Big Slick in the City,QUEST,Quest,
1730,Igneous Shalewing,VENDOR,Vendor,
1732,Cobalt Shalewing,DROP,Drop,
1733,Calescent Shalewing,ACHIEVEMENT,Achievement,
630,Sapphire Riverbeast,DROP,Drop,
631,Mudback Riverbeast,QUEST,Quest,
632,Mosshide Riverwallow,VENDOR,Vendor,
633,Hellfire Infernal,DROP,Drop,
634,Solar Spirehawk,DROP,Drop,
635,Shadowmane Charger,VENDOR,Vendor,
636,Swift Breezestrider,DROP,Drop,
637,Trained Silverpelt,QUEST,Quest,
638,Breezestrider Stallion,VENDOR,Vendor,
639,Pale Thorngrazer,VENDOR,Vendor,
640,Vicious War Ram,VENDOR,Vendor,Alliance
641,Vicious War Raptor,VENDOR,Vendor,Horde
642,Garn Steelmaw,DROP,Drop,
643,Warsong Direfang,DROP,Drop,
644,Armored Frostwolf,ACHIEVEMENT,Achievement,
645,Ironside Warwolf,VENDOR,Vendor,Horde
647,Trained Snarler,QUEST,Quest,
860,Archmage's Prismatic Disc,QUEST,Quest,
861,High Priest's Lightsworn Seeker,QUEST,Quest,
864,"Ban-Lu, Grandmaster's Companion",QUEST,Quest,
865,Huntmaster's Loyal Wolfhawk,QUEST,Quest,
866,Deathlord's Vilebrood Vanquisher,QUEST,Quest,
867,Battlelord's Bloodthirsty War Wyrm,QUEST,Quest,
868,Slayer's Felbroken Shrieker,QUEST,Quest,
870,Huntmaster's Fierce Wolfhawk,QUEST,Quest,
648,Swift Frostwolf,VENDOR,Vendor,Horde
649,Smoky Direwolf,DROP,Drop,
650,Dustmane Direwolf,PROFESSION,Profession,
651,Warlord's Deathwheel,ACHIEVEMENT,Achievement,Horde
652,Champion's Treadblade,VENDOR,Vendor,Alliance
654,Challenger's War Yeti,ACHIEVEMENT,Achievement,
655,Sunhide Gronnling,DROP,Drop,
656,Llothien Prowler,QUEST,Quest,
657,Garn Nighthowl,DROP,Drop,
609,Trained Icehoof,VENDOR,Vendor,
611,Tundra Icehoof,DROP,Drop,
612,Bloodhoof Bull,DROP,Drop,
613,Ironhoof Destroyer,DROP,Drop,
614,Mottled Meadowstomper,DROP,Drop,
615,Trained Meadowstomper,QUEST,Quest,
616,Shadowhide Pearltusk,DROP,Drop,
617,Dusty Rockhide,VENDOR,Vendor,Alliance
618,Armored Irontusk,VENDOR,Vendor,Alliance
619,Blacksteel Battleboar,ACHIEVEMENT,Achievement,
620,Rocktusk Battleboar,VENDOR,Vendor,
621,Armored Frostboar,ACHIEVEMENT,Achievement,
622,Armored Razorback,DROP,Drop,
623,Frostplains Battleboar,ACHIEVEMENT,Achievement,
624,Wild Goretusk,VENDOR,Vendor,
625,Domesticated Razorback,VENDOR,Vendor,
626,Giant Coldsnout,DROP,Drop,
627,Great Greytusk,DROP,Drop,
628,Trained Rocktusk,QUEST,Quest,
629,Trained Riverwallow,QUEST,Quest,
741,Mystic Runesaber,PETSTORE,In-Game Shop,
664,Emerald Drake,ACHIEVEMENT,Achievement,
663,Bloodfang Widow,VENDOR,Vendor,
769,Minion of Grumpus,WORLDEVENT,World Event,
775,Prestigious War Steed,ACHIEVEMENT,Achievement,Alliance
854,Great Northern Elderhorn,PROFESSION,Profession,
781,Infinite Timereaver,WORLDEVENT,World Event,
751,Felsteel Annihilator,DROP,Drop,
762,Coalfist Gronnling,DROP,Drop,
760,Wild Gladiator's Felblood Gronnling,ACHIEVEMENT,Achievement,
761,Warmongering Gladiator's Felblood Gronnling,ACHIEVEMENT,Achievement,
763,Illidari Felstalker,PROMOTION,Promotion,
764,Grove Warden,QUEST,Quest,
779,Spirit of Eche'ro,PROFESSION,Profession,
753,Corrupted Dreadwing,VENDOR,Vendor,
759,Primal Gladiator's Felblood Gronnling,ACHIEVEMENT,Achievement,
1212,Island Thunderscale,DROP,Drop,
1247,Mechacycle Model W,ACHIEVEMENT,Achievement,
1243,Beastlord's Warwolf,VENDOR,Vendor,
1252,Mechagon Peacekeeper,DROP,Drop,
1253,Scrapforged Mechaspider,QUEST,Quest,
1254,Rustbolt Resistor,VENDOR,Vendor,
1242,Beastlord's Irontusk,VENDOR,Vendor,
768,Deathtusk Felboar,VENDOR,Vendor,
772,Soaring Skyterror,ACHIEVEMENT,Achievement,
765,Bristling Hellboar,VENDOR,Vendor,
758,Infernal Direwolf,ACHIEVEMENT,Achievement,
778,Eclipse Dragonhawk,VENDOR,Vendor,
756,Vicious War Kodo,VENDOR,Vendor,Horde
682,Voidtalon of the Dark Star,DROP,Drop,
776,Swift Spectral Rylak,ACHIEVEMENT,Achievement,
791,Felblaze Infernal,DROP,Drop,
793,Predatory Bloodgazer,QUEST,Quest,
794,Brilliant Direbeak,QUEST,Quest,
795,Snowfeather Hunter,QUEST,Quest,
796,Viridian Sharptalon,QUEST,Quest,
797,Steelbound Devourer,PROFESSION,Profession,
784,Prestigious War Wolf,ACHIEVEMENT,Achievement,Horde
802,Long-Forgotten Hippogryph,DISCOVERY,Discovery,
803,Mastercraft Gravewing,DROP,Drop,
804,Ratstallion,ACHIEVEMENT,Achievement,
800,Brinedeep Bottom-Feeder,VENDOR,Vendor,
937,Black Qiraji War Tank,QUEST,Quest,
898,Netherlord's Chaotic Wrathsteed,QUEST,Quest,
999,Xiwyllag ATV,PROFESSION,Profession,
889,Shadowblade's Lethal Omen,VENDOR,Vendor,
890,Shadowblade's Baneful Omen,VENDOR,Vendor,
891,Shadowblade's Crimson Omen,VENDOR,Vendor,
947,Riddler's Mind-Worm,DROP,Drop,
948,Demonic Gladiator's Storm Dragon,ACHIEVEMENT,Achievement,
944,Valarjar Stormwing,DROP,Drop,
949,Luminous Starseeker,PETSTORE,In-Game Shop,
958,Spectral Pterrorwing,VENDOR,Vendor,Horde
826,Prestigious Bronze Courser,ACHIEVEMENT,Achievement,
831,Prestigious Royal Courser,ACHIEVEMENT,Achievement,
978,Violet Spellwing,QUEST,Quest,
838,Fathom Dweller,DROP,Drop,
846,Leyfeather Hippogryph,ACHIEVEMENT,Achievement,
962,Darkmoon Dirigible,VENDOR,Vendor,
993,Squawks,DROP,Drop,
994,Royal Seafeather,DROP,Drop,
995,Sharkbait,DROP,Drop,
1009,Starcursed Voidstrider,ACHIEVEMENT,Achievement,Alliance
872,Huntmaster's Dire Wolfhawk,VENDOR,Vendor,
930,Netherlord's Brimstone Wrathsteed,VENDOR,Vendor,
931,Netherlord's Accursed Wrathsteed,DROP,Drop,
956,Leaping Veinseeker,DROP,Drop,
877,Ivory Hawkstrider,VENDOR,Vendor,
832,Prestigious Forest Courser,ACHIEVEMENT,Achievement,
833,Prestigious Ivory Courser,ACHIEVEMENT,Achievement,
841,Vicious Gilnean Warhorse,VENDOR,Vendor,Alliance
842,Vicious War Trike,VENDOR,Vendor,Horde
997,Gilded Ravasaur,PROMOTION,Promotion,Horde
939,Sable Ruinstrider,VENDOR,Vendor,
834,Prestigious Azure Courser,ACHIEVEMENT,Achievement,
836,Prestigious Midnight Courser,ACHIEVEMENT,Achievement,
843,Vicious Warstrider,VENDOR,Vendor,Horde
848,Vindictive Gladiator's Storm Dragon,ACHIEVEMENT,Achievement,
1734,Shadowflame Shalewing,ACHIEVEMENT,Achievement,
849,Fearless Gladiator's Storm Dragon,ACHIEVEMENT,Achievement,
892,Highlord's Vengeful Charger,QUEST,Quest,
893,Highlord's Vigilant Charger,QUEST,Quest,
894,Highlord's Valorous Charger,VENDOR,Vendor,
844,Vicious War Elekk,VENDOR,Vendor,Alliance
847,Arcadian War Turtle,VENDOR,Vendor,
850,Cruel Gladiator's Storm Dragon,ACHIEVEMENT,Achievement,
851,Ferocious Gladiator's Storm Dragon,ACHIEVEMENT,Achievement,
852,Fierce Gladiator's Storm Dragon,ACHIEVEMENT,Achievement,
853,Dominant Gladiator's Storm Dragon,ACHIEVEMENT,Achievement,
968,Russet Ruinstrider,VENDOR,Vendor,
966,Beryl Ruinstrider,VENDOR,Vendor,
967,Umber Ruinstrider,VENDOR,Vendor,
970,Maddened Chaosrunner,DROP,Drop,
971,Antoran Charhound,DROP,Drop,
972,Antoran Gloomhound,ACHIEVEMENT,Achievement,
973,Lambent Mana Ray,DROP,Drop,
896,Primal Flamesaber,PROMOTION,Promotion,
932,Lightforged Warframe,VENDOR,Vendor,
954,Shackled Ur'zul,DROP,Drop,
955,Vile Fiend,DROP,Drop,
845,Mechanized Lumber Extractor,ACHIEVEMENT,Achievement,
876,Vicious War Lion,VENDOR,Vendor,Alliance
945,Vicious War Fox,VENDOR,Vendor,Alliance
946,Vicious War Fox,VENDOR,Vendor,Horde
980,Acid Belcher,DROP,Drop,
979,Crimson Slavermaw,DROP,Drop,
883,Smoldering Ember Wyrm,DROP,Drop,
961,Lucid Nightmare,DROP,Drop,
974,Vibrant Mana Ray,DROP,Drop,
975,Felglow Mana Ray,DROP,Drop,
976,Scintillating Mana Ray,DROP,Drop,
934,Swift Spectral Hippogryph,ACHIEVEMENT,Achievement,
941,Highmountain Elderhorn,DROP,Drop,
942,Wild Dreamrunner,DROP,Drop,
981,Biletooth Gnasher,DROP,Drop,
982,Pond Nettle,PROFESSION,Profession,
899,Abyss Worm,DROP,Drop,
900,Vicious War Turtle,VENDOR,Vendor,Alliance
873,Vicious War Bear,VENDOR,Vendor,Alliance
874,Vicious War Bear,VENDOR,Vendor,Horde
926,Alabaster Hyena,VENDOR,Vendor,Horde
928,Dune Scavenger,DROP,Drop,
943,Cloudwing Hippogryph,DROP,Drop,
984,Blessed Felcrusher,DROP,Drop,
996,Seabraid Stallion,PROMOTION,Promotion,Alliance
983,Glorious Felcrusher,DROP,Drop,
1007,Highmountain Thunderhoof,ACHIEVEMENT,Achievement,Horde
985,Avenging Felcrusher,DROP,Drop,
986,Bleakhoof Ruinstrider,ACHIEVEMENT,Achievement,
881,Arcanist's Manasaber,QUEST,Quest,
882,Vicious War Scorpion,VENDOR,Vendor,Horde
884,Shadowblade's Murderous Omen,QUEST,Quest,
885,Highlord's Golden Charger,QUEST,Quest,
888,Farseer's Raging Tempest,QUEST,Quest,
878,Brawler's Burly Basilisk,VENDOR,Vendor,
875,Midnight,DROP,Drop,
901,Vicious War Turtle,VENDOR,Vendor,Horde
906,Darkspore Mana Ray,DROP,Drop,
933,Obsidian Krolusk,ACHIEVEMENT,Achievement,
1038,Zandalari Direhorn,ACHIEVEMENT,Achievement,Horde
1010,Admiralty Stallion,VENDOR,Vendor,Alliance
1011,"Shu-Zen, the Divine Sentinel",PETSTORE,In-Game Shop,
1045,Vicious War Clefthoof,VENDOR,Vendor,Horde
1046,Darkforge Ram,QUEST,Quest,Alliance
1047,Dawnforge Ram,QUEST,Quest,Alliance
1577,"Ash'adar, Harbinger of Dawn",TRADINGPOST,Trading Post,
1048,Dark Iron Core Hound,ACHIEVEMENT,Achievement,Alliance
1043,Kua'fon,QUEST,Quest,
1044,Mag'har Direwolf,ACHIEVEMENT,Achievement,Horde
1008,Nightborne Manasaber,ACHIEVEMENT,Achievement,Horde
1006,Lightforged Felcrusher,ACHIEVEMENT,Achievement,Alliance
1026,Vicious War Basilisk,VENDOR,Vendor,Horde
1028,Mecha-Mogul Mk2,PROFESSION,Profession,
1015,Dapple Gray,VENDOR,Vendor,Alliance
1012,Green Marsh Hopper,VENDOR,Vendor,
1013,Honeyback Harvester,QUEST,Quest,Alliance
1016,Smoky Charger,VENDOR,Vendor,Alliance
1018,Terrified Pack Mule,DROP,Drop,
1019,Goldenmane,DROP,Drop,
1051,The Dreadwake,PETSTORE,In-Game Shop,
1025,The Hivemind,DROP,Drop,
1030,Dread Gladiator's Proto-Drake,ACHIEVEMENT,Achievement,
1031,Sinister Gladiator's Proto-Drake,ACHIEVEMENT,Achievement,
1032,Notorious Gladiator's Proto-Drake,ACHIEVEMENT,Achievement,
1035,Corrupted Gladiator's Proto-Drake,ACHIEVEMENT,Achievement,
1833,Springtide Dreamtalon,VENDOR,Vendor,
1834,Ochre Dreamtalon,QUEST,Quest,
1835,Snowfluff Dreamtalon,VENDOR,Vendor,
1042,Siltwing Albatross,VENDOR,Vendor,
1039,Mighty Caravan Brutosaur,VENDOR,Vendor,
1049,Undercity Plaguebat,QUEST,Quest,Horde
1050,Vicious War Riverbeast,VENDOR,Vendor,Alliance
1027,Vicious War Basilisk,VENDOR,Vendor,Alliance
1040,Tomb Stalker,DROP,Drop,
1053,Underrot Crawg,DROP,Drop,
1057,Nazjatar Blood Serpent,DROP,Drop,
1054,Teldrassil Hippogryph,QUEST,Quest,Alliance
1058,Cobalt Pterrordax,VENDOR,Vendor,Horde
1059,Captured Swampstalker,VENDOR,Vendor,Horde
1060,Voldunai Dunescraper,VENDOR,Vendor,Horde
1061,Expedition Bloodswarmer,VENDOR,Vendor,Horde
1062,Dusky Waycrest Gryphon,VENDOR,Vendor,Alliance
1063,Stormsong Coastwatcher,VENDOR,Vendor,Alliance
1064,Proudmoore Sea Scout,VENDOR,Vendor,Alliance
1167,Frostshard Infernal,DROP,Drop,
1168,Fiery Hearthsteed,DROP,Drop,
1169,Surf Jelly,DROP,Drop,
1180,Swift Albino Raptor,DROP,Drop,
1182,Lil' Donkey,DROP,Drop,
1183,Skullripper,DROP,Drop,
1194,Vicious White Warsaber,VENDOR,Vendor,Alliance
1192,Prestigious Bloodforged Courser,ACHIEVEMENT,Achievement,
1195,Vicious Black Warsaber,VENDOR,Vendor,Alliance
1196,Vicious Black Bonesteed,VENDOR,Vendor,Horde
1172,Conqueror's Scythemaw,ACHIEVEMENT,Achievement,
1173,Broken Highland Mustang,DROP,Drop,Horde
1174,Highland Mustang,DROP,Drop,Alliance
1175,Twilight Avenger,DROP,Drop,
1176,Craghorn Chasm-Leaper,WORLDEVENT,World Event,
1197,Vicious White Bonesteed,VENDOR,Vendor,Horde
1178,Qinsho's Eternal Hound,ACHIEVEMENT,Achievement,
1179,Palehide Direhorn,VENDOR,Vendor,
1193,Meat Wagon,PROMOTION,Promotion,
1190,Pureheart Courser,DROP,Drop,
1191,Frenzied Feltalon,DROP,Drop,
1185,Witherbark Direwing,DROP,Drop,
1166,Great Sea Ray,PROFESSION,Profession,
1293,Ny'alotha Allseer,DROP,Drop,
1229,Rusty Mechanocrawler,DROP,Drop,
1258,Fabious,DROP,Drop,
1217,G.M.O.D.,DROP,Drop,
1218,Dazar'alor Windreaver,ACHIEVEMENT,Achievement,
1250,Mollie,DROP,Drop,
1297,Clutch of Ha-Li,DROP,Drop,
1282,Black Serpent of N'Zoth,ACHIEVEMENT,Achievement,
1311,Ivory Cloud Serpent,DROP,Drop,
1285,Frostwolf Snarler,ACHIEVEMENT,Achievement,Horde
1259,Silver Tidestallion,DROP,Drop,
1227,Aerial Unit R-21/X,DROP,Drop,
1292,Stormpike Battle Ram,ACHIEVEMENT,Achievement,Alliance
1206,Blue Marsh Hopper,VENDOR,Vendor,
1207,Yellow Marsh Hopper,VENDOR,Vendor,
1255,Deepcoral Snapdragon,QUEST,Quest,Alliance
1256,Snapdragon Kelpstalker,QUEST,Quest,Horde
1224,Wonderwing 2.0,ACHIEVEMENT,Achievement,
1260,Crimson Tidestallion,VENDOR,Vendor,
1249,Child of Torcali,QUEST,Quest,
1209,Stonehide Elderhorn,DROP,Drop,
1210,Bloodthirsty Dreadwing,VENDOR,Vendor,Horde
1262,Inkscale Deepseeker,VENDOR,Vendor,
1211,Bloodgorged Hunter,DROP,Drop,
1213,Risen Mare,DROP,Drop,
1248,Junkheap Drifter,DROP,Drop,
1257,Silent Glider,PROFESSION,Profession,
1214,Azureshell Krolusk,VENDOR,Vendor,Alliance
1237,Royal Snapdragon,DROP,Drop,
1238,Snapback Scuttler,ACHIEVEMENT,Achievement,
1283,Mechagon Mechanostrider,ACHIEVEMENT,Achievement,Alliance
1215,Rubyshell Krolusk,VENDOR,Vendor,Horde
1216,Priestess' Moonsaber,VENDOR,Vendor,Alliance
1269,Swift Spectral Fathom Ray,ACHIEVEMENT,Achievement,
1270,Swift Spectral Magnetocraft,ACHIEVEMENT,Achievement,
1271,Swift Spectral Armored Gryphon,ACHIEVEMENT,Achievement,
1272,Swift Spectral Pterrordax,ACHIEVEMENT,Achievement,
1199,Blackpaw,DROP,Drop,
1200,Ashenvale Chimaera,DROP,Drop,
1201,Frightened Kodo,DROP,Drop,
1203,Umber Nightsaber,DROP,Drop,
1198,Kul Tiran Charger,ACHIEVEMENT,Achievement,Alliance
1204,Sandy Nightsaber,VENDOR,Vendor,
1205,Kaldorei Nightsaber,DROP,Drop,
1287,Explorer's Jungle Hopper,PROMOTION,Promotion,
1288,Explorer's Dunetrekker,PROMOTION,Promotion,
1312,Gargantuan Grrloc,PETSTORE,In-Game Shop,
1220,Bruce,QUEST,Quest,
1239,X-995 Mechanocat,DROP,Drop,
1265,Uncorrupted Voidwing,QUEST,Quest,
1286,Caravan Hyena,ACHIEVEMENT,Achievement,Horde
1231,Ankoan Waveray,VENDOR,Vendor,
1232,Azshari Bloatray,ACHIEVEMENT,Achievement,
1245,Bloodflank Charger,ACHIEVEMENT,Achievement,Horde
1246,Ironclad Frostclaw,ACHIEVEMENT,Achievement,Alliance
1290,"Squeakers, the Trickster",PETSTORE,In-Game Shop,
1298,Hopecrusher Gargon,DROP,Drop,
1299,Battle Gargon Vrednic,DROP,Drop,
1240,Obsidian Worldbreaker,ACHIEVEMENT,Achievement,
1291,Lucky Yun,PETSTORE,In-Game Shop,
1266,Alabaster Stormtalon,TRADINGPOST,Trading Post,Alliance
1267,Alabaster Thunderwing,TRADINGPOST,Trading Post,Horde
1230,Unshackled Waveray,VENDOR,Vendor,
1277,Honeyback Hivemother,,,
1219,Glacial Tidestorm,DROP,Drop,
1302,Dreamlight Runestag,DROP,Drop,
1303,Enchanted Dreamlight Runestag,DROP,Drop,
1304,Mawsworn Soulhunter,DROP,Drop,
1305,Darkwarren Hardshell,DROP,Drop,
1306,Swift Gloomhoof,DROP,Drop,
1307,Sundancer,DROP,Drop,
1309,Chittering Animite,DROP,Drop,
1221,"Hogrus, Swine of Good Fortune",PETSTORE,In-Game Shop,
1222,Vulpine Familiar,PETSTORE,In-Game Shop,
1223,Sylverian Dreamer,PETSTORE,In-Game Shop,
1310,Horrid Dredwing,DROP,Drop,
1289,Ensorcelled Everwyrm,PROMOTION,Promotion,
1225,Crusader's Direhorn,QUEST,Quest,Horde
1315,Mail Muncher,DROP,Drop,
1330,Sunwarmed Furline,PETSTORE,In-Game Shop,
1332,Silky Shimmermoth,VENDOR,Vendor,
1314,Drake of the Four Winds,DROP,Drop,
1313,Rajani Warserpent,VENDOR,Vendor,
1405,Restoration Deathwalker,ACHIEVEMENT,Achievement,
1422,Warstitched Darkhound,DROP,Drop,
1438,Bulbous Necroray,DROP,Drop,
1439,Infested Necroray,DROP,Drop,
1441,Bound Shadehound,QUEST,Quest,
1442,Corridor Creeper,ACHIEVEMENT,Achievement,
1424,Snowstorm,PROMOTION,Promotion,
1430,Desertwing Hunter,PROFESSION,Profession,
1574,Crusty Crawler,TRADINGPOST,Trading Post,
1393,Wild Glimmerfur Prowler,DROP,Drop,
1397,Wildseed Cradle,DROP,Drop,
1416,Mawsworn Charger,ACHIEVEMENT,Achievement,
1417,Hand of Hrestimorak,DROP,Drop,
1354,Shadeleaf Runestag,DROP,Drop,
1355,Wakener's Runestag,DROP,Drop,
1356,Winterborn Runestag,DROP,Drop,
1357,Enchanted Shadeleaf Runestag,DROP,Drop,
1358,Enchanted Wakener's Runestag,DROP,Drop,
1359,Enchanted Winterborn Runestag,DROP,Drop,
1360,Shimmermist Runner,DROP,Drop,
1361,Duskflutter Ardenmoth,VENDOR,Vendor,
1362,Spinemaw Gladechewer,DROP,Drop,
1420,Umbral Scythehorn,VENDOR,Vendor,
1431,Pale Regal Cervid,PROFESSION,Profession,
1376,Silvertip Dredwing,VENDOR,Vendor,
1377,Rampart Screecher,ACHIEVEMENT,Achievement,
1378,Harvester's Dredwing,DROP,Drop,
1379,Endmire Flyer,DROP,Drop,
1382,Inquisition Gargon,DROP,Drop,
1384,Sinfall Gargon,DROP,Drop,
1573,Magenta Cloud Serpent,TRADINGPOST,Trading Post,
1385,Crypt Gargon,QUEST,Quest,
1387,Desire's Battle Gargon,DROP,Drop,
1388,Gravestone Battle Gargon,DROP,Drop,
1389,Battle Gargon Silessa,DROP,Drop,
1568,Lightforged Ruinstrider,QUEST,Quest,Alliance
1391,Loyal Gorger,QUEST,Quest,
1394,Phalynx of Loyalty,DROP,Drop,
1395,Phalynx of Humility,DROP,Drop,
1396,Phalynx of Courage,DROP,Drop,
1398,Phalynx of Purity,DROP,Drop,
1399,Eternal Phalynx of Purity,DROP,Drop,
1400,Eternal Phalynx of Courage,DROP,Drop,
1401,Eternal Phalynx of Loyalty,DROP,Drop,
1402,Eternal Phalynx of Humility,DROP,Drop,
1404,Silverwind Larion,DROP,Drop,
1425,Gilded Prowler,VENDOR,Vendor,
1426,Ascended Skymane,DROP,Drop,
1440,Pestilent Necroray,DROP,Drop,
1350,Colossal Slaughterclaw,DROP,Drop,
1351,Vicious War Spider,ACHIEVEMENT,Achievement,Alliance
1352,Vicious War Spider,ACHIEVEMENT,Achievement,Horde
1364,War-Bred Tauralus,DROP,Drop,
1365,Plaguerot Tauralus,DROP,Drop,
1366,Bonehoof Tauralus,DROP,Drop,
1367,Chosen Tauralus,ACHIEVEMENT,Achievement,
1368,Armored War-Bred Tauralus,DROP,Drop,
1369,Armored Plaguerot Tauralus,VENDOR,Vendor,
1370,Armored Bonehoof Tauralus,DROP,Drop,
1371,Armored Chosen Tauralus,ACHIEVEMENT,Achievement,
1372,Blisterback Bloodtusk,DROP,Drop,
1373,Gorespine,DROP,Drop,
1375,Lurid Bloodtusk,VENDOR,Vendor,
1421,Court Sinrunner,VENDOR,Vendor,
1437,Battle-Bound Warhound,DROP,Drop,
1436,Battle-Hardened Aquilon,VENDOR,Vendor,
1478,Skyskin Hornstrider,VENDOR,Vendor,
1484,Ardenweald Wilderling,DROP,Drop,
1690,Whelpling,,,
1485,Autumnal Wilderling,VENDOR,Vendor,
1486,Winter Wilderling,VENDOR,Vendor,
1413,Dauntless Duskrunner,VENDOR,Vendor,
1419,Sintouched Deathwalker,ACHIEVEMENT,Achievement,
1392,Pale Acidmaw,VENDOR,Vendor,
1406,Marrowfang,DROP,Drop,
1407,Callow Flayedwing,DROP,Drop,
1408,Gruesome Flayedwing,VENDOR,Vendor,
1409,Bonesewn Fleshroc,PROFESSION,Profession,
1410,Hulking Deathroc,DROP,Drop,
1411,Predatory Plagueroc,DROP,Drop,
1415,Arboreal Gulper,DROP,Drop,
1735,Cataloged Shalewing,WORLDEVENT,World Event,
1736,Boulder Hauler,VENDOR,Vendor,
1737,Sandy Shalewing,VENDOR,Vendor,
1738,Morsel Sniffer,VENDOR,Vendor,
1433,Vespoid Flutterer,PROFESSION,Profession,
1434,Deepstar Aurelid,DROP,Drop,
1575,Quawks,TRADINGPOST,Trading Post,
1423,Highwind Darkmane,DROP,Drop,
1346,Steamscale Incinerator,PETSTORE,In-Game Shop,
1428,Amber Ardenmoth,DROP,Drop,
1429,Vibrant Flutterwing,VENDOR,Vendor,
1487,Summer Wilderling,DROP,Drop,
1363,Sinful Gladiator's Soul Eater,ACHIEVEMENT,Achievement,
1414,Sinrunner Blanchy,DROP,Drop,
1539,Unsuccessful Prototype Fleetpod,PROFESSION,Profession,
1540,Scarlet Helicid,PROFESSION,Profession,
1526,Deathrunner,PROFESSION,Profession,
1681,Hailstorm Armoredon,ACHIEVEMENT,Achievement,
1528,Sundered Zerethsteed,PROFESSION,Profession,
1529,Anointed Protostag,VENDOR,Vendor,
1552,Carcinized Zerethsteed,QUEST,Quest,
1556,Tangled Dreamweaver,PROMOTION,Promotion,
1474,Bestowed Thunderspine Packleader,ACHIEVEMENT,Achievement,
1522,Heartlight Vombata,VENDOR,Vendor,
1651,Bestowed Ottuk Vanguard,DROP,Drop,
1653,Brown War Ottuk,VENDOR,Vendor,
1654,Otterworldly Ottuk Carrier,ACHIEVEMENT,Achievement,
1655,Yellow War Ottuk,VENDOR,Vendor,
1692,Wondrous Wavewhisker,PETSTORE,In-Game Shop,
1727,Tarecgosa's Visage,QUEST,Quest,
1449,Lord of the Corpseflies,DROP,Drop,
1450,Soaring Razorwing,VENDOR,Vendor,
1533,Forged Spiteflyer,PROFESSION,Profession,
1534,Buzz,PROFESSION,Profession,
1576,Jigglesworth Sr.,ACHIEVEMENT,Achievement,
1517,Bound Blizzard,PROMOTION,Promotion,
1523,Curious Crystalsniffer,PROFESSION,Profession,
1524,Darkened Vombata,PROFESSION,Profession,
1525,Adorned Vombata,PROFESSION,Profession,
1446,Tazavesh Gearglider,ACHIEVEMENT,Achievement,
1541,Genesis Crawler,PROFESSION,Profession,
1542,Tarachnid Creeper,PROFESSION,Profession,
1543,Ineffable Skitterer,PROFESSION,Profession,
1544,Wastewarped Deathwalker,ACHIEVEMENT,Achievement,
1547,Goldplate Bufonid,PROFESSION,Profession,
1553,Liberated Slyvern,DROP,Drop,
1684,Sapphire Vorquin,VENDOR,Vendor,
1683,Crimson Vorquin,VENDOR,Vendor,
1685,Bronze Vorquin,VENDOR,Vendor,
1686,Obsidian Vorquin,VENDOR,Vendor,
1521,Val'sharah Hippogryph,VENDOR,Vendor,
1535,Bronzewing Vespoid,PROFESSION,Profession,
1536,Mawdapted Raptora,PROFESSION,Profession,
1537,Raptora Swooper,PROFESSION,Profession,
1538,Bronze Helicid,PROFESSION,Profession,
1531,"Wen Lo, the River's Edge",PETSTORE,In-Game Shop,
1532,Soaring Spelltome,ACHIEVEMENT,Achievement,
1664,Guardian Vorquin,VENDOR,Vendor,
1665,Swift Armored Vorquin,VENDOR,Vendor,
1667,Armored Vorquin Leystrider,VENDOR,Vendor,
1668,Majestic Armored Vorquin,VENDOR,Vendor,
1669,Bestowed Ohuna Spotter,ACHIEVEMENT,Achievement,
1671,Duskwing Ohuna,VENDOR,Vendor,
1672,Zenet Hatchling,DROP,Drop,
1476,Wild Hunt Legsplitter,DROP,Drop,
1443,Voracious Gorger,ACHIEVEMENT,Achievement,
1451,Vicious War Croaker,DROP,Drop,Horde
1452,Vicious War Croaker,DROP,Drop,Alliance
1489,Obsidian Gravewing,VENDOR,Vendor,
1490,Sinfall Gravewing,DROP,Drop,
1491,Pale Gravewing,VENDOR,Vendor,
1492,Elysian Aquilon,DROP,Drop,
1493,Forsworn Aquilon,DROP,Drop,
1494,Ascendant's Aquilon,VENDOR,Vendor,
1495,Maldraxxian Corpsefly,DROP,Drop,
1496,Regal Corpsefly,VENDOR,Vendor,
1497,Battlefield Swarmer,VENDOR,Vendor,
1549,Shimmering Aurelid,ACHIEVEMENT,Achievement,
1599,Eternal Gladiator's Soul Eater,ACHIEVEMENT,Achievement,
1550,Depthstalker,TRADINGPOST,Trading Post,
1551,Cryptic Aurelid,ACHIEVEMENT,Achievement,
1448,Serenade,PROFESSION,Profession,
1500,Sanctum Gloomcharger,DROP,Drop,
1501,Soulbound Gloomcharger,DROP,Drop,
1502,Fallen Charger,DROP,Drop,
1503,Hand of Nilganihmaht,DROP,Drop,
1504,Hand of Salaranga,DROP,Drop,
1505,Amber Shardhide,VENDOR,Vendor,
1506,Crimson Shardhide,DROP,Drop,
1507,Darkmaul,DROP,Drop,
1508,Fierce Razorwing,DROP,Drop,
1509,Garnet Razorwing,DROP,Drop,
1510,Dusklight Razorwing,DROP,Drop,
1511,"Maelie, the Wanderer",QUEST,Quest,
1480,Unchained Gladiator's Soul Eater,ACHIEVEMENT,Achievement,
1454,Tamed Mauler,DROP,Drop,
1467,Noble Bruffalon,VENDOR,Vendor,
1455,Beryl Shardhide,DROP,Drop,
1688,Vicious Sabertooth,DROP,Drop,Alliance
1456,Sapphire Skyblazer,PROMOTION,Promotion,
1468,Amber Skitterfly,TRADINGPOST,Trading Post,
1689,Vicious Sabertooth,DROP,Drop,Horde
1477,Undying Darkhound,DROP,Drop,
1471,Vengeance,WORLDEVENT,World Event,
1520,Soultwisted Deathwalker,ACHIEVEMENT,Achievement,
1582,Savage Green Battle Turtle,TRADINGPOST,Trading Post,
1444,Viridian Phase-Hunter,PROMOTION,Promotion,
1445,Slime Serpent,DROP,Drop,
1465,Vicious Warstalker,DROP,Drop,Alliance
1466,Vicious Warstalker,DROP,Drop,Horde
1597,Grimhowl,QUEST,Quest,
1459,Vicious War Gorm,ACHIEVEMENT,Achievement,Horde
1513,Sarge's Tale,PROMOTION,Promotion,
1514,Rampaging Mauler,DROP,Drop,
1460,Vicious War Gorm,ACHIEVEMENT,Achievement,Alliance
1481,Cartel Master's Gearglider,DROP,Drop,
1469,Magmashell,DROP,Drop,
1475,Hand of Bahmethra,DROP,Drop,
1458,Wandering Ancient,PROMOTION,Promotion,
1545,Divine Kiss of Ohn'ahra,QUEST,Quest,
1795,Auspicious Arborwyrm,PETSTORE,In-Game Shop,
1546,Iskaara Trader's Ottuk,VENDOR,Vendor,
1662,Telix the Stormhorn,PROMOTION,Promotion,
1772,Scarlet Pterrordax,QUEST,Quest,Horde
1784,Royal Swarmer,TRADINGPOST,Trading Post,
1587,Zereth Overseer,DROP,Drop,
1565,Colossal Umbrahide Mawrat,ACHIEVEMENT,Achievement,
1566,Colossal Ebonclaw Mawrat,ACHIEVEMENT,Achievement,
1588,Winding Slitherdrake,ACHIEVEMENT,Achievement,
1589,Renewed Proto-Drake,ACHIEVEMENT,Achievement,
1699,Gleaming Moonbeast,PROMOTION,Promotion,
1698,Rocket Shredder 9001,PETSTORE,In-Game Shop,
1778,Gold-Toed Albatross,DROP,Drop,
1787,Windborne Velocidrake,ACHIEVEMENT,Achievement,
1824,Brown-Furred Spiky Bakar,TRADINGPOST,Trading Post,
1825,Taivan,ACHIEVEMENT,Achievement,
1600,Elusive Emerald Hawkstrider,QUEST,Quest,Horde
1563,Highland Drake,ACHIEVEMENT,Achievement,
1590,Windborne Velocidrake,ACHIEVEMENT,Achievement,
1742,Felcrystal Scorpion,TRADINGPOST,Trading Post,
1779,Felstorm Dragon,DROP,Drop,
1612,Loyal Magmammoth,VENDOR,Vendor,
1614,Stormtouched Bruffalon,ACHIEVEMENT,Achievement,
2090,Polly Roger,DROP,Drop,
1591,Cliffside Wylderdrake,ACHIEVEMENT,Achievement,
1627,Gooey Snailemental,DROP,Drop,
1660,Crimson Gladiator's Drake,ACHIEVEMENT,Achievement,
1615,Tamed Skitterfly,VENDOR,Vendor,
1739,Obsidian Gladiator's Slitherdrake,ACHIEVEMENT,Achievement,
1578,[DND] Test Mount JZB,VENDOR,Vendor,
1629,Scrappy Worldsnail,VENDOR,Vendor,
1679,Frostbrood Proto-Wyrm,PROMOTION,Promotion,
1781,Sulfur Hound,ACHIEVEMENT,Achievement,
1616,Azure Skitterfly,VENDOR,Vendor,
1617,Verdant Skitterfly,DROP,Drop,
1774,Valiance,DROP,Drop,
1633,Bestowed Trawling Mammoth,ACHIEVEMENT,Achievement,
1605,Dragon Isles Drake Model Test,ACHIEVEMENT,Achievement,
1579,Coral-Stalker Waveray,PROMOTION,Promotion,
1581,Nether-Gorged Greatwyrm,PETSTORE,In-Game Shop,
1618,Bestowed Sandskimmer,ACHIEVEMENT,Achievement,
1619,Ancient Salamanther,DROP,Drop,
1634,Mossy Mammoth,DROP,Drop,
1639,"Lizi, Thunderspine Tramper",QUEST,Quest,
1782,Perfected Juggernaut,DROP,Drop,
1621,Coralscale Salamanther,ACHIEVEMENT,Achievement,
1635,Plainswalker Bearer,WORLDEVENT,World Event,
1725,Inferno Armoredon,ACHIEVEMENT,Achievement,
1584,Colossal Plaguespew Mawrat,ACHIEVEMENT,Achievement,
1585,Colossal Wraithbound Mawrat,ACHIEVEMENT,Achievement,
1586,Armored Golden Pterrordax,TRADINGPOST,Trading Post,
1783,Scourgebound Vanquisher,DROP,Drop,
1622,Stormhide Salamanther,VENDOR,Vendor,
1656,Otto,QUEST,Quest,
1657,Brown Scouting Ottuk,VENDOR,Vendor,
1658,Ivory Trader's Ottuk,VENDOR,Vendor,
1659,Yellow Scouting Ottuk,VENDOR,Vendor,
1638,Explorer's Stonehide Packbeast,VENDOR,Vendor,
1785,Ancestral Clefthoof,TRADINGPOST,Trading Post,
1603,Subterranean Magmammoth,VENDOR,Vendor,
1572,Cosmic Gladiator's Soul Eater,ACHIEVEMENT,Achievement,
1644,Raging Magmammoth,ACHIEVEMENT,Achievement,
1740,Vicious War Snail,DROP,Drop,Alliance
1741,Vicious War Snail,DROP,Drop,Horde
1744,Grotto Netherwing Drake,QUEST,Quest,
1645,Renewed Magmammoth,DROP,Drop,
1788,Cliffside Wylderdrake,ACHIEVEMENT,Achievement,
1789,Winding Slitherdrake,ACHIEVEMENT,Achievement,
1569,Patient Bufonid,QUEST,Quest,
1570,Prototype Leaper,PROFESSION,Profession,
1773,Harbor Gryphon,QUEST,Quest,Alliance
1786,Renewed Proto-Drake,ACHIEVEMENT,Achievement,
1595,Cerulean Marsh Hopper,TRADINGPOST,Trading Post,
1792,Algarian Stormrider,PROMOTION,Promotion,
1794,Pattie,ACHIEVEMENT,Achievement,
1623,Seething Slug,DROP,Drop,
1571,Russet Bufonid,PROFESSION,Profession,
1594,"Jade, Bright Foreseer",PETSTORE,In-Game Shop,
1771,Highland Drake,ACHIEVEMENT,Achievement,
1776,White War Wolf,VENDOR,Vendor,
1564,Colossal Soulshredder Mawrat,ACHIEVEMENT,Achievement,
1580,Heartbond Lupine,PROFESSION,Profession,
1626,Shellack,ACHIEVEMENT,Achievement,
1596,Amalgam of Rage,PROMOTION,Promotion,
1602,Tuskarr Shoreglider,PROMOTION,Promotion,
1777,Ravenous Black Gryphon,DROP,Drop,
1607,Swift Spectral Drake,ACHIEVEMENT,Achievement,
1801,Verdant Armoredon,ACHIEVEMENT,Achievement,
1814,Shadow Dusk Dreamsaber,ACHIEVEMENT,Achievement,
1799,Eve's Ghastly Rider,VENDOR,Vendor,
1815,Winter Night Dreamsaber,DROP,Drop,
1816,Evening Sun Dreamsaber,VENDOR,Vendor,
1817,Morning Flourish Dreamsaber,VENDOR,Vendor,
1831,Verdant Gladiator's Slitherdrake,ACHIEVEMENT,Achievement,
1812,Runebound Firelord,PROMOTION,Promotion,
1818,"Anu'relos, Flame's Guidance",DROP,Drop,
1830,Flourishing Whimsydrake,QUEST,Quest,
1822,Draconic Gladiator's Drake,ACHIEVEMENT,Achievement,
1796,Whelpling,,,
1819,Vicious Moonbeast,DROP,Drop,Alliance
1820,Vicious Moonbeast,DROP,Drop,Horde
1808,Blossoming Dreamstag,VENDOR,Vendor,
1809,Suntouched Dreamstag,VENDOR,Vendor,
1810,Rekindled Dreamstag,VENDOR,Vendor,
1811,Lunar Dreamstag,VENDOR,Vendor,
1797,Ginormous Grrloc,PETSTORE,In-Game Shop,
1813,Mimiron's Jumpjets,WORLDEVENT,World Event,
1798,Azure Worldchiller,DROP,Drop,
646,Coldflame Infernal,DROP,Drop,
799,Flarecore Infernal,DROP,Drop,
2224,Frayfeather Hippogryph,VENDOR,Vendor,
2225,Amani Hunting Bear,VENDOR,Vendor,
2232,Savage Ebony Battle Turtle,PROMOTION,Promotion,
1959,Compass Rose,WORLDEVENT,World Event,
2152,Pearlescent Goblin Wave Shredder,TRADINGPOST,Trading Post,
2213,Shale Ramolith,VENDOR,Vendor,
2214,Slatestone Ramolith,ACHIEVEMENT,Achievement,
2218,Forged Gladiator's Fel Bat,VENDOR,Vendor,
2219,Sureki Skyrazor,DROP,Drop,
2222,Siesbarg,QUEST,Quest,
2223,Ascendant Skyrazor,DROP,Drop,
2235,Startouched Furline,PETSTORE,In-Game Shop,
2240,Plunderlord's Midnight Crocolisk,,,
2238,Plunderlord's Golden Crocolisk,TRADINGPOST,Trading Post,
2239,Keg Leg's Radiant Crocolisk,TRADINGPOST,Trading Post,
2241,Plunderlord's Weathered Crocolisk,TRADINGPOST,Trading Post,
2237,Grizzly Hills Packmaster,,,
2186,[PH] Blue Old God Fish Mount,TRADINGPOST,Trading Post,
2187,Underlight Shorestalker,TRADINGPOST,Trading Post,
2114,Zovaal's Soul Eater,ACHIEVEMENT,Achievement,
2035,Majestic Azure Peafowl,TRADINGPOST,Trading Post,
2036,Brilliant Sunburst Peafowl,TRADINGPOST,Trading Post,
2119,Stonevault Mechsuit,QUEST,Quest,
2091,Voyaging Wilderling,ACHIEVEMENT,Achievement,
1940,Salatrancer,VENDOR,Vendor,
2148,Smoldering Cinderbee,VENDOR,Vendor,
2244,Diamond Mechsuit,ACHIEVEMENT,Achievement,
2115,Soar,,,
2204,Wick,DROP,Drop,
2205,Ol' Mole Rufus,DROP,Drop,
2209,Crimson Mudnose,VENDOR,Vendor,
2211,Vicious Skyflayer,VENDOR,Vendor,Alliance
2150,Vicious Skyflayer,VENDOR,Vendor,Horde
1938,Mammyth,VENDOR,Vendor,
1939,Imagiwing,VENDOR,Vendor,
2188,"Kah, Legend of the Deep",TRADINGPOST,Trading Post,
2189,Underlight Corrupted Behemoth,TRADINGPOST,Trading Post,
2198,Kor'kron Warsaber,TRADINGPOST,Trading Post,
2199,Blackrock Warsaber,PROMOTION,Promotion,
2200,[PH] Nightsaber Horde Mount White,TRADINGPOST,Trading Post,
2201,Sentinel War Wolf,TRADINGPOST,Trading Post,
2202,[PH] Alliance Wolf Mount,TRADINGPOST,Trading Post,
2203,Kaldorei War Wolf,PROMOTION,Promotion,
2230,Ivory Goliathus,ACHIEVEMENT,Achievement,
2233,Earthen Ordinant's Ramolith,QUEST,Quest,
2064,Sky Surfer,VENDOR,Vendor,
2065,Daystorm Windsteed,VENDOR,Vendor,
1953,Grotto Netherwing Drake,QUEST,Quest,
1954,Flourishing Whimsydrake,QUEST,Quest,
2038,Clayscale Hornstrider,DROP,Drop,
2088,Riverwalker Mushan,VENDOR,Vendor,
2067,Forest Windsteed,VENDOR,Vendor,
2089,Palehide Mushan Beast,VENDOR,Vendor,
1837,Delugen,VENDOR,Vendor,
1838,Talont,VENDOR,Vendor,
1839,Stargrazer,VENDOR,Vendor,
2190,Shadow of Doubt,VENDOR,Vendor,
2191,Shackled Shadow,VENDOR,Vendor,
2192,Beledar's Spawn,DROP,Drop,
2193,Vermillion Imperial Lynx,VENDOR,Vendor,
2194,Dauntless Imperial Lynx,VENDOR,Vendor,
2068,Dashing Windsteed,VENDOR,Vendor,
2069,Feathered Windsurfer,VENDOR,Vendor,
2039,Savage Blue Battle Turtle,TRADINGPOST,Trading Post,
2142,August Phoenix,ACHIEVEMENT,Achievement,
2143,Astral Emperor's Serpent,ACHIEVEMENT,Achievement,
2070,Guardian Quilen,VENDOR,Vendor,
2071,Marble Quilen,VENDOR,Vendor,
2072,Gilded Riding Crane,VENDOR,Vendor,
2145,Kickin' Kezan Waveshredder,PETSTORE,In-Game Shop,
2073,Pale Riding Crane,VENDOR,Vendor,
2074,Rose Riding Crane,VENDOR,Vendor,
2075,Silver Riding Crane,VENDOR,Vendor,
2076,Luxurious Riding Crane,VENDOR,Vendor,
2077,Tropical Riding Crane,VENDOR,Vendor,
2078,Snowy Riding Goat,VENDOR,Vendor,
2080,Little Red Riding Goat,VENDOR,Vendor,
2171,Widow's Undercrawler,VENDOR,Vendor,
2172,Heritage Undercrawler,VENDOR,Vendor,
2174,Royal Court Undercrawler,VENDOR,Vendor,
2176,Alunira,DROP,Drop,
2177,Aquamarine Swarmite,VENDOR,Vendor,
2178,Nesting Swarmite,DROP,Drop,
2180,Shadowed Swarmite,ACHIEVEMENT,Achievement,
2181,Swarmite Skyhunter,ACHIEVEMENT,Achievement,
2184,Ferocious Jawcrawler,VENDOR,Vendor,
2081,Bloody Skyscreamer,VENDOR,Vendor,
2083,Night Pterrorwing,VENDOR,Vendor,
2144,Delver's Dirigible,QUEST,Quest,
2158,Crowd Pummeler 2-30,PROFESSION,Profession,
2159,Machine Defense Unit 1-11,ACHIEVEMENT,Achievement,
2162,Cyan Glowmite,VENDOR,Vendor,
2165,Soaring Meaderbee,VENDOR,Vendor,
2167,Raging Cinderbee,ACHIEVEMENT,Achievement,
1841,Crimson Glimmerfur,TRADINGPOST,Trading Post,
2084,Jade Pterrordax,VENDOR,Vendor,
2085,Cobalt Juggernaut,VENDOR,Vendor,
2086,Fel Iron Juggernaut,VENDOR,Vendor,
1956,Fur-endship Fox,TRADINGPOST,Trading Post,
1957,Soaring Sky Fox,PETSTORE,In-Game Shop,
1958,Twilight Sky Prowler,,,
2055,Infinite Armoredon,ACHIEVEMENT,Achievement,
2056,Vicious Dreamtalon,DROP,Drop,Alliance
2087,Purple Shado-Pan Riding Tiger,VENDOR,Vendor,
2116,Remembered Golden Gryphon,VENDOR,Vendor,Alliance
1949,Gilnean Prowler,QUEST,Quest,
2057,Vicious Dreamtalon,DROP,Drop,Horde
2117,Remembered Wind Rider,VENDOR,Vendor,Horde
2118,Amber Pterrordax,VENDOR,Vendor,
2023,Noble Flying Carpet,DROP,Drop,
1942,Jeweled Copper Scarab,TRADINGPOST,Trading Post,
1943,"Incognitro, the Indecipherable Felcycle",WORLDEVENT,World Event,
1944,Golden Regal Scarab,VENDOR,Vendor,
1941,Heartseeker Mana Ray,WORLDEVENT,World Event,
2060,Golden Discus,VENDOR,Vendor,
1947,Hateforged Blazecycle,PROMOTION,Promotion,
1948,Voidfire Deathcycle,VENDOR,Vendor,
2140,Charming Courier,PETSTORE,In-Game Shop,
2063,Mogu Hazeblazer,VENDOR,Vendor,
2262,Harmonious Salutations Bear,PROMOTION,Promotion,
2334,Bronze Goblin Waveshredder,,,
2249,Hand of Reshkigaal,TRADINGPOST,Trading Post,
2259,Gigantic Grrloc,PETSTORE,In-Game Shop,
2272,Crimson Armored Growler,VENDOR,Vendor,
2274,Blackwater Bonecrusher,,,
2276,Darkfuse Chompactor,,,
2277,Violet Armored Growler,VENDOR,Vendor,
2278,Flarendo the Furious,,,
2279,Thunderdrum Misfire,,,
2280,The Topskimmer Special,VENDOR,Vendor,
2281,Steamwheedle Supplier,,,
2283,Innovation Investigator,VENDOR,Vendor,
2284,Ochre Delivery Rocket,VENDOR,Vendor,
2286,Blackwater Shredder Deluxe Mk 2,VENDOR,Vendor,
2287,Darkfuse Demolisher,VENDOR,Vendor,
2288,Personalized Goblin S.C.R.A.P.per,DROP,Drop,
2289,Venture Co-ordinator,,,
2290,Asset Advocator,VENDOR,Vendor,
2291,Salvaged Goblin Gazillionaire's Flying Machine,DROP,Drop,
2292,Margin Manipulator,VENDOR,Vendor,
2293,Darkfuse Spy-Eye,QUEST,Quest,
2294,Mean Green Flying Machine,VENDOR,Vendor,
2295,Bilgewater Bombardier,,,
2476,Sha-Warped Cloud Serpent,PROMOTION,Promotion,
2477,Sha-Warped Riding Tiger,PROMOTION,Promotion,
2333,Soweezi's Vintage Waveshredder,,,
2469,Prismatic Snapdragon,,,
2526,Felborn Cormaera,PROMOTION,Promotion,
2527,Molten Cormaera,TRADINGPOST,Trading Post,
2496,Void-Scarred Gryphon,DROP,Drop,
2519,Radiant Imperial Lynx,VENDOR,Vendor,
2528,Lavaborn Cormaera,TRADINGPOST,Trading Post,
2470,Nightfall Skyreaver,VENDOR,Vendor,
2471,Ur'zul Fleshripper,VENDOR,Vendor,
2301,Unstable Rocket,,,
2302,Unstable Rocket,,,
2524,Coldflame Cormaera,TRADINGPOST,Trading Post,
2525,Prophet's Great Raven,PETSTORE,In-Game Shop,
2473,Broodling of Sinestra,VENDOR,Vendor,
2474,Copper-Maned Quilen,VENDOR,Vendor,
2478,Blazing Royal Fire Hawk,PROMOTION,Promotion,
2322,"Thrayir, Eyes of the Siren",,,
2507,Prototype A.S.M.R.,DROP,Drop,
2261,Coldflame Tempest,ACHIEVEMENT,Achievement,
2520,Spring Harvesthog,TRADINGPOST,Trading Post,
2521,Summer Harvesthog,TRADINGPOST,Trading Post,
2522,Winter Harvesthog,TRADINGPOST,Trading Post,
2523,Autumn Harvesthog,TRADINGPOST,Trading Post,
2315,Timbered Sky Snake,PETSTORE,In-Game Shop,
2317,Enchanted Spellweave Carpet,VENDOR,Vendor,
2321,Timely Buzzbee,,,
2347,Savage Alabaster Battle Turtle,TRADINGPOST,Trading Post,
2324,Hooktalon,DROP,Drop,
2332,The Breaker's Song,,,
2298,Prized Gladiator's Fel Bat,ACHIEVEMENT,Achievement,
2299,Vicious Electro Eel,,,Horde
2300,Vicious Electro Eel,,,Alliance
2529,Archmage's Great Raven,PETSTORE,In-Game Shop,
2600,Unarmored Deathtusk Felboar,TRADINGPOST,Trading Post,
2489,Pearlescent Butterfly,TRADINGPOST,Trading Post,
2491,Ruby Butterfly,TRADINGPOST,Trading Post,
2492,Spring Butterfly,TRADINGPOST,Trading Post,
2494,Midnight Butterfly,TRADINGPOST,Trading Post,
2480,Crimson Shreddertank,ACHIEVEMENT,Achievement,
2304,Chaos-Forged Gryphon,PETSTORE,In-Game Shop,
2305,Chaos-Forged Hippogryph,PETSTORE,In-Game Shop,
2307,Chaos-Forged Dreadwing,PETSTORE,In-Game Shop,
2308,Chaos-Forged Wind Rider,PETSTORE,In-Game Shop,
2488,Shimmermist Free Runner,TRADINGPOST,Trading Post,
2495,Emerald Snail,TRADINGPOST,Trading Post,
2508,Enterprising Shreddertank,ACHIEVEMENT,Achievement,
2255,Golden Ashes of Al'ar,PROMOTION,Promotion,
2518,Chrono Corsair,ACHIEVEMENT,Achievement,
2575,Grandmaster's Prophetic Board,TRADINGPOST,Trading Post,
2576,Grandmaster's Deep Board,TRADINGPOST,Trading Post,
2265,Trader's Gilded Brutosaur,PETSTORE,In-Game Shop,
2531,Tyrannotort,ACHIEVEMENT,Achievement,
2577,Grandmaster's Royal Board,TRADINGPOST,Trading Post,
2578,Grandmaster's Smokey Board,TRADINGPOST,Trading Post,
2579,Forsaken's Grotesque Charger,TRADINGPOST,Trading Post,
2580,Wailing Banshee's Charger,TRADINGPOST,Trading Post,
2581,Banshee's Sickening Charger,TRADINGPOST,Trading Post,
2582,Shaohao's Sage Serpent,PROMOTION,Promotion,
2313,Junkmaestro's Magnetomech,ACHIEVEMENT,Achievement,
2481,Midnight Darkmoon Charger,TRADINGPOST,Trading Post,
2482,Lively Darkmoon Charger,TRADINGPOST,Trading Post,
2342,Meeksi Rufflefur,PETSTORE,In-Game Shop,
2343,Meeksi Softpaw,PETSTORE,In-Game Shop,
2344,Meeksi Rollingpaw,PETSTORE,In-Game Shop,
2483,Violet Darkmoon Charger,TRADINGPOST,Trading Post,
2484,Snowy Darkmoon Charger,TRADINGPOST,Trading Post,
2345,Meeksi Teatuft,PETSTORE,In-Game Shop,
2346,Meeksi Brewthief,PETSTORE,In-Game Shop,
2296,Delver's Gob-Trotter,QUEST,Quest,
2303,Violet Goblin Shredder,DROP,Drop,
2328,Love Witch's Sweeper,DROP,Drop,
2329,Silvermoon Sweeper,TRADINGPOST,Trading Post,
2330,Twilight Witch's Sweeper,PETSTORE,In-Game Shop,
2331,Sky Witch's Sweeper,PETSTORE,In-Game Shop,
2504,Spotted Black Riding Goat,TRADINGPOST,Trading Post,
2487,The Big G,PROFESSION,Profession,
2604,OC91 Chariot,ACHIEVEMENT,Achievement,
2497,Void-Forged Stallion,DROP,Drop,
2498,Void-Scarred Pack Mother,DROP,Drop,
2535,Void-Scarred Lynx,,,
2499,Void-Scarred Windrider,DROP,Drop,
2500,Ny'alothan Shadow Worm,ACHIEVEMENT,Achievement,
2501,Corruption of the Aspects,VENDOR,Vendor,
2502,Void-Crystal Panther,PROFESSION,Profession,
2339,Jani's Trashpile,,,
2586,Moonlit Nightsaber,VENDOR,Vendor,
2587,Ivory Savagemane,,,
2327,Lunar Launcher,VENDOR,Vendor,
2605,Inarius' Charger,DROP,Drop,
2572,Banshee's Chilling Charger,TRADINGPOST,Trading Post,
