id,name,source_type,source_name
283,Guild Herald,VENDOR,Vendor
475,Giraffe Calf,WILDPET,Pet Battle
445,Tiny Twister,WILDPET,Pet Battle
341,Lunar Lantern,WORLDEVENT,World Event
1256,Rascal-Bot,PROFESSION,Profession
78,Crimson Snake,VENDOR,Vendor
191,Clockwork Rocket Bot,WORLDEVENT,World Event
559,Crimson Geode,WILDPET,Pet Battle
630,Gilnean Raven,VENDOR,Vendor
448,Hare,WILDPET,Pet Battle
433,Spiky Lizard,WILDPET,Pet Battle
493,Shimmershell Snail,WILDPET,Pet Battle
1196,Sunfur Panda,QUEST,Quest
1197,Snowy Panda,QUEST,Quest
1198,Mountain Panda,QUEST,Quest
143,Red Dragonhawk Hatchling,VENDOR,Vendor
144,Silver Dragonhawk Hatchling,VENDOR,Vendor
43,Orange Tabby Cat,VENDOR,Vendor
124,Poley,PROMOTION,Promotion
119,Father Winter's Helper,WORLDEVENT,World Event
169,Dragon Kite,TCG,Trading Card Game
385,Mouse,WILDPET,Pet Battle
379,Squirrel,WILDPET,Pet Battle
404,Long-tailed Mole,WILDPET,Pet Battle
468,Creepy Crawly,WILDPET,Pet Battle
477,Gazelle Fawn,WILDPET,Pet Battle
157,Willy,WORLDEVENT,World Event
792,Jade Crane Chick,VENDOR,Vendor
677,Shy Bandicoon,WILDPET,Pet Battle
162,Sinister Squashling,WORLDEVENT,World Event
471,Robo-Chick,WILDPET,Pet Battle
83,Mechanical Chicken,QUEST,Quest
251,Toxic Wasteling,WORLDEVENT,World Event
460,Ruby Sapling,WILDPET,Pet Battle
421,Crimson Moth,WILDPET,Pet Battle
666,Micronax,ACHIEVEMENT,Achievement
215,Mechanopeep,VENDOR,Vendor
228,Grunty,PROMOTION,Promotion
239,Razzashi Hatchling,DROP,Drop
465,Ravager Hatchling,WILDPET,Pet Battle
708,Malayan Quillrat,WILDPET,Pet Battle
491,Sand Kitten,WILDPET,Pet Battle
489,Spawn of Onyxia,WILDPET,Pet Battle
203,Little Fawn,ACHIEVEMENT,Achievement
446,Jade Oozeling,WILDPET,Pet Battle
573,Sandy Petrel,WILDPET,Pet Battle
125,Speedy,WORLDEVENT,World Event
139,Red Moth,VENDOR,Vendor
478,Forest Moth,WILDPET,Pet Battle
711,Sifang Otter,WILDPET,Pet Battle
716,Amethyst Spiderling,WILDPET,Pet Battle
226,Curious Wolvar Pup,WORLDEVENT,World Event
262,De-Weaponized Mechanical Companion,PROFESSION,Profession
190,Ghostly Skull,VENDOR,Vendor
56,Dark Whelpling,DROP,Drop
703,Masked Tanuki Pup,WILDPET,Pet Battle
193,Giant Sewer Rat,PROFESSION,Profession
485,Stone Armadillo,WILDPET,Pet Battle
425,Ash Viper,WILDPET,Pet Battle
457,Festering Maggot,WILDPET,Pet Battle
474,Cheetah Cub,WILDPET,Pet Battle
316,Cenarion Hatchling,PETSTORE,In-Game Shop
528,Scalded Basilisk Hatchling,WILDPET,Pet Battle
127,Whiskers the Rat,WORLDEVENT,World Event
116,Tranquil Mechanical Yeti,PROFESSION,Profession
272,Armadillo Pup,VENDOR,Vendor
627,Infected Squirrel,WILDPET,Pet Battle
199,Kirin Tor Familiar,ACHIEVEMENT,Achievement
94,Zergling,PROMOTION,Promotion
245,Gryphon Hatchling,PETSTORE,In-Game Shop
321,Creepy Crate,WORLDEVENT,World Event
306,Winterspring Cub,VENDOR,Vendor
308,Legs,WORLDEVENT,World Event
631,Emerald Boa,WILDPET,Pet Battle
641,Arctic Hare,WILDPET,Pet Battle
205,Dun Morogh Cub,VENDOR,Vendor
85,Pet Bombling,PROFESSION,Profession
487,Alpine Chipmunk,WILDPET,Pet Battle
395,Fledgling Buzzard,WILDPET,Pet Battle
414,Scorpid,WILDPET,Pet Battle
1175,Thundertail Flapper,WILDPET,Pet Battle
1176,Red Panda,QUEST,Quest
68,Great Horned Owl,VENDOR,Vendor
69,Snowy Owl,WILDPET,Pet Battle
225,Curious Oracle Hatchling,WORLDEVENT,World Event
259,Blue Mini Jouster,QUEST,Quest
261,Personal World Destroyer,PROFESSION,Profession
296,Moonkin Hatchling,PETSTORE,In-Game Shop
264,Crawling Claw,PROFESSION,Profession
260,Gold Mini Jouster,QUEST,Quest
419,Small Frog,WILDPET,Pet Battle
539,Grotto Vole,WILDPET,Pet Battle
287,Tiny Flamefly,QUEST,Quest
294,Deathy,PROMOTION,Promotion
333,Gregarious Grell,TCG,Trading Card Game
298,Moonkin Hatchling,PETSTORE,In-Game Shop
340,Sea Pony,PROFESSION,Profession
399,Rat Snake,WILDPET,Pet Battle
149,Miniwing,QUEST,Quest
318,Crimson Lasher,VENDOR,Vendor
550,Highlands Mouse,WILDPET,Pet Battle
118,Winter Reindeer,WORLDEVENT,World Event
525,Turkey,WILDPET,Pet Battle
712,Sifang Otter Pup,WILDPET,Pet Battle
498,Tainted Moth,WILDPET,Pet Battle
428,Molten Hatchling,WILDPET,Pet Battle
440,Snow Cub,WILDPET,Pet Battle
381,Porcupette,DROP,Drop
568,Silkbead Snail,WILDPET,Pet Battle
431,Rattlesnake,WILDPET,Pet Battle
329,Murkablo,PROMOTION,Promotion
408,Lizard Hatchling,WILDPET,Pet Battle
633,Mountain Skunk,WILDPET,Pet Battle
671,Lucky Quilen Cub,PROMOTION,Promotion
388,Shore Crab,WILDPET,Pet Battle
393,Cockroach,WILDPET,Pet Battle
407,Forest Spiderling,WILDPET,Pet Battle
544,Oasis Moth,WILDPET,Pet Battle
423,Lava Crab,WILDPET,Pet Battle
410,Wharf Rat,WILDPET,Pet Battle
438,King Snake,WILDPET,Pet Battle
47,Cockatiel,VENDOR,Vendor
422,Moccasin,WILDPET,Pet Battle
59,Emerald Whelpling,DROP,Drop
648,Huge Toad,WILDPET,Pet Battle
429,Lava Beetle,WILDPET,Pet Battle
540,Carrion Rat,WILDPET,Pet Battle
634,Crystal Spider,WILDPET,Pet Battle
647,Grizzly Squirrel,WILDPET,Pet Battle
430,Gold Beetle,WILDPET,Pet Battle
441,Alpine Hare,WILDPET,Pet Battle
494,Silithid Hatchling,WILDPET,Pet Battle
572,Spirebound Crab,WILDPET,Pet Battle
136,Mana Wyrmling,VENDOR,Vendor
463,Spirit Crab,WILDPET,Pet Battle
472,Rabid Nut Varmint 5000,WILDPET,Pet Battle
458,Lost of Lordaeron,WILDPET,Pet Battle
546,Tol'vir Scarab,WILDPET,Pet Battle
547,Nordrassil Wisp,WILDPET,Pet Battle
167,Tiny Sporebat,VENDOR,Vendor
137,Brown Rabbit,VENDOR,Vendor
280,Guild Page,VENDOR,Vendor
555,Deepholm Cockroach,WILDPET,Pet Battle
635,Adder,WILDPET,Pet Battle
511,Sidewinder,WILDPET,Pet Battle
548,Wildhammer Gryphon Hatchling,WILDPET,Pet Battle
201,Plump Turkey,WORLDEVENT,World Event
39,Mechanical Squirrel,PROFESSION,Profession
93,Mini Diablo,PROMOTION,Promotion
107,Murky,PROMOTION,Promotion
114,Disgusting Oozeling,DROP,Drop
121,Gurky,PROMOTION,Promotion
188,Frosty,PROMOTION,Promotion
145,Blue Dragonhawk Hatchling,VENDOR,Vendor
727,Prairie Mouse,WILDPET,Pet Battle
456,Blighthawk,WILDPET,Pet Battle
495,Frog,WILDPET,Pet Battle
117,Tiny Snowman,WORLDEVENT,World Event
237,Ravasaur Hatchling,DROP,Drop
473,Turquoise Turtle,WILDPET,Pet Battle
740,Yakrat,WILDPET,Pet Battle
742,Clouded Hedgehog,WILDPET,Pet Battle
717,Savory Beetle,WILDPET,Pet Battle
382,Sun Darter Hatchling,DROP,Drop
450,Maggot,WILDPET,Pet Battle
745,Crunchy Scorpion,WILDPET,Pet Battle
652,Tiny Goldfish,VENDOR,Vendor
170,Golden Pig,PROMOTION,Promotion
1238,Unborn Val'kyr,WILDPET,Pet Battle
131,Netherwhelp,PROMOTION,Promotion
347,Soul of the Aspects,PETSTORE,In-Game Shop
192,Mr. Chilly,PROMOTION,Promotion
718,Luyu Moth,WILDPET,Pet Battle
309,Pterrordax Hatchling,PROFESSION,Profession
756,Fungal Moth,WILDPET,Pet Battle
730,Tolai Hare Pup,WILDPET,Pet Battle
197,Cobra Hatchling,DROP,Drop
214,Argent Squire,QUEST,Quest
175,Phoenix Hatchling,DROP,Drop
195,White Tickbird Hatchling,DROP,Drop
241,Tuskarr Kite,TCG,Trading Card Game
391,Mountain Cottontail,WILDPET,Pet Battle
244,Core Hound Pup,PROMOTION,Promotion
180,Essence of Competition,PROMOTION,Promotion
755,Death's Head Cockroach,WILDPET,Pet Battle
758,Tiny Red Dragon,PROMOTION,Promotion
242,Spectral Tiger Cub,TCG,Trading Card Game
265,Pebble,ACHIEVEMENT,Achievement
277,Clockwork Gnome,PROFESSION,Profession
249,Lil' K.T.,PETSTORE,In-Game Shop
278,Fox Kit,DROP,Drop
240,Onyx Panther,PROMOTION,Promotion
338,Darkmoon Tonk,VENDOR,Vendor
459,Cat,WILDPET,Pet Battle
70,Brown Prairie Dog,VENDOR,Vendor
744,Resilient Roach,WILDPET,Pet Battle
749,Golden Civet,WILDPET,Pet Battle
310,Voodoo Figurine,PROFESSION,Profession
337,Lumpy,WORLDEVENT,World Event
405,Tree Python,WILDPET,Pet Battle
186,Nether Ray Fry,VENDOR,Vendor
564,Emerald Turtle,WILDPET,Pet Battle
638,Nether Roach,WILDPET,Pet Battle
649,Biletoad,WILDPET,Pet Battle
164,Muckbreath,PROFESSION,Profession
750,Golden Civet Kitten,WILDPET,Pet Battle
752,Yellow-Bellied Bullfrog,WILDPET,Pet Battle
497,Tainted Cockroach,WILDPET,Pet Battle
132,Magical Crawdad,PROFESSION,Profession
553,Stowaway Rat,WILDPET,Pet Battle
554,Crimson Shale Hatchling,WILDPET,Pet Battle
675,Stormwind Rat,WILDPET,Pet Battle
50,Green Wing Macaw,DROP,Drop
198,Pengu,VENDOR,Vendor
380,Bucktooth Flapper,WILDPET,Pet Battle
173,Snarly,PROFESSION,Profession
174,Chuck,PROFESSION,Profession
346,Fetish Shaman,PROMOTION,Promotion
443,Grasslands Cottontail,WILDPET,Pet Battle
246,Wind Rider Cub,PETSTORE,In-Game Shop
328,Purple Puffer,TCG,Trading Card Game
374,Black Lamb,WILDPET,Pet Battle
449,Brown Marmot,WILDPET,Pet Battle
513,Qiraji Guardling,WILDPET,Pet Battle
466,Spiny Lizard,WILDPET,Pet Battle
432,Stripe-Tailed Scorpid,WILDPET,Pet Battle
243,Onyxian Whelpling,ACHIEVEMENT,Achievement
332,Horde Balloon,QUEST,Quest
464,Grey Moth,WILDPET,Pet Battle
442,Irradiated Roach,WILDPET,Pet Battle
482,Rock Viper,WILDPET,Pet Battle
637,Skittering Cavern Crawler,WILDPET,Pet Battle
234,Gundrak Hatchling,DROP,Drop
747,Effervescent Glowfly,WILDPET,Pet Battle
514,Flayer Youngling,WILDPET,Pet Battle
519,Fel Flame,WILDPET,Pet Battle
639,Borean Marmot,WILDPET,Pet Battle
483,Horny Toad,WILDPET,Pet Battle
492,Stinkbug,WILDPET,Pet Battle
536,Tundra Penguin,WILDPET,Pet Battle
424,Roach,WILDPET,Pet Battle
1202,Ji-Kun Hatchling,DROP,Drop
90,Smolderweb Hatchling,DROP,Drop
396,Dusk Spiderling,WILDPET,Pet Battle
560,Sea Gull,WILDPET,Pet Battle
566,Mirror Strider,WILDPET,Pet Battle
417,Rat,WILDPET,Pet Battle
1949,Igneous Flameling,WORLDEVENT,World Event
1911,Sting Ray Pup,VENDOR,Vendor
455,Blighted Squirrel,WILDPET,Pet Battle
545,Leopard Scorpid,WILDPET,Pet Battle
549,Yellow-Bellied Marmot,WILDPET,Pet Battle
567,Temple Snake,WILDPET,Pet Battle
534,Imperial Eagle Chick,WILDPET,Pet Battle
499,Tainted Rat,WILDPET,Pet Battle
291,Singing Sunflower,QUEST,Quest
65,Tree Frog,VENDOR,Vendor
543,Locust,WILDPET,Pet Battle
802,Thundering Serpent Hatchling,,
301,Panther Cub,QUEST,Quest
726,Plains Monitor,WILDPET,Pet Battle
743,Rapana Whelk,WILDPET,Pet Battle
427,Ash Spiderling,WILDPET,Pet Battle
496,Rusty Snail,WILDPET,Pet Battle
503,Silky Moth,WILDPET,Pet Battle
2017,Infinite Hatchling,VENDOR,Vendor
115,Land Shark,PROFESSION,Profession
412,Spider,WILDPET,Pet Battle
558,Arctic Fox Kit,WILDPET,Pet Battle
571,Grove Viper,WILDPET,Pet Battle
156,Bananas,TCG,Trading Card Game
453,Infested Bear Cub,WILDPET,Pet Battle
724,Alpine Foxling,WILDPET,Pet Battle
266,Fossilized Hatchling,PROFESSION,Profession
289,Scooter the Snail,WORLDEVENT,World Event
389,Tiny Harvester,WILDPET,Pet Battle
398,Black Rat,WILDPET,Pet Battle
1204,Pierre,PROFESSION,Profession
665,Sand Scarab,TCG,Trading Card Game
484,Desert Spider,WILDPET,Pet Battle
706,Bandicoon,WILDPET,Pet Battle
454,Undercity Rat,WILDPET,Pet Battle
529,Fjord Worg Pup,WILDPET,Pet Battle
753,Garden Moth,WILDPET,Pet Battle
55,Undercity Cockroach,VENDOR,Vendor
515,Sporeling Sprout,WILDPET,Pet Battle
629,Shore Crawler,VENDOR,Vendor
84,Westfall Chicken,QUEST,Quest
165,Mojo,DROP,Drop
247,Zipao Tiger,PROMOTION,Promotion
508,Darkshore Cub,WILDPET,Pet Battle
311,Guardian Cub,PETSTORE,In-Game Shop
57,Azure Whelpling,DROP,Drop
40,Bombay Cat,VENDOR,Vendor
518,Clefthoof Runt,WILDPET,Pet Battle
535,Water Waveling,WILDPET,Pet Battle
699,Jumping Spider,WILDPET,Pet Battle
267,Enchanted Lantern,PROFESSION,Profession
542,Mac Frog,WILDPET,Pet Battle
292,Magic Lamp,PROFESSION,Profession
44,Siamese Cat,VENDOR,Vendor
723,Spiny Terrapin,WILDPET,Pet Battle
725,Alpine Foxling Kit,WILDPET,Pet Battle
339,Darkmoon Zeppelin,VENDOR,Vendor
480,Topaz Shale Hatchling,WILDPET,Pet Battle
644,Fjord Rat,WILDPET,Pet Battle
569,Garden Frog,WILDPET,Pet Battle
710,Marsh Fiddler,WILDPET,Pet Battle
160,Stinker,ACHIEVEMENT,Achievement
155,Lucky,PROMOTION,Promotion
748,Gilded Moth,WILDPET,Pet Battle
728,Szechuan Chicken,WILDPET,Pet Battle
731,Zooey Snake,WILDPET,Pet Battle
739,Mongoose Pup,WILDPET,Pet Battle
702,Leopard Tree Frog,WILDPET,Pet Battle
336,Darkmoon Balloon,VENDOR,Vendor
58,Crimson Whelpling,DROP,Drop
1162,Fluxfire Feline,WILDPET,Pet Battle
254,Blue Clockwork Rocket Bot,VENDOR,Vendor
258,Mini Thor,PROMOTION,Promotion
1155,Anubisath Idol,DROP,Drop
1156,Mini Mindslayer,DROP,Drop
77,Brown Snake,VENDOR,Vendor
86,Lil' Smoky,PROFESSION,Profession
106,Jubling,WORLDEVENT,World Event
142,Golden Dragonhawk Hatchling,VENDOR,Vendor
210,Mulgore Hatchling,VENDOR,Vendor
1152,Chrominius,DROP,Drop
678,Jungle Grub,WILDPET,Pet Battle
680,Kuitan Mongoose,WILDPET,Pet Battle
335,Darkmoon Turtle,VENDOR,Vendor
172,Searing Scorchling,VENDOR,Vendor
411,Baby Ape,WILDPET,Pet Battle
1151,Untamed Hatchling,DROP,Drop
194,Tickbird Hatchling,DROP,Drop
202,Baby Blizzard Bear,ACHIEVEMENT,Achievement
206,Tirisfal Batling,VENDOR,Vendor
845,Jade Owl,PROFESSION,Profession
846,Sapphire Cub,PROFESSION,Profession
650,Terrible Turnip,DROP,Drop
713,Softshell Snapling,WILDPET,Pet Battle
722,Mei Li Sparkler,WILDPET,Pet Battle
49,Hyacinth Macaw,DROP,Drop
1039,Imperial Moth,PROFESSION,Profession
130,Hippogryph Hatchling,TCG,Trading Card Game
141,White Moth,VENDOR,Vendor
855,Venus,ACHIEVEMENT,Achievement
856,Jade Tentacle,ACHIEVEMENT,Achievement
504,Diemetradon Hatchling,WILDPET,Pet Battle
844,Mechanical Pandaren Dragonling,PROFESSION,Profession
111,Lurky,PROMOTION,Promotion
1040,Imperial Silkworm,PROFESSION,Profession
1143,Giant Bone Spider,DROP,Drop
1150,Ashstone Core,DROP,Drop
268,Lil' Deathwing,PROMOTION,Promotion
281,Guild Page,VENDOR,Vendor
707,Bandicoon Kit,WILDPET,Pet Battle
248,Pandaren Monk,PETSTORE,In-Game Shop
120,Winter's Little Helper,WORLDEVENT,World Event
196,Proto-Drake Whelp,DROP,Drop
159,Peanut,WORLDEVENT,World Event
163,Toothy,PROFESSION,Profession
319,Feline Familiar,WORLDEVENT,World Event
256,Lil' XT,PETSTORE,In-Game Shop
1063,Darkmoon Eye,DROP,Drop
270,Dark Phoenix Hatchling,VENDOR,Vendor
212,Ammen Vale Lashling,VENDOR,Vendor
183,Ethereal Soul-Trader,TCG,Trading Card Game
52,Ancona Chicken,VENDOR,Vendor
303,Nightsaber Cub,TCG,Trading Card Game
320,Lil' Tarecgosa,VENDOR,Vendor
187,Vampiric Batling,DROP,Drop
397,Skunk,WILDPET,Pet Battle
469,Twilight Beetle,WILDPET,Pet Battle
733,Grassland Hopper,WILDPET,Pet Battle
741,Silent Hedgehog,WILDPET,Pet Battle
757,Tiny Green Dragon,PROMOTION,Promotion
51,Senegal,VENDOR,Vendor
146,Firefly,DROP,Drop
158,Egbert,WORLDEVENT,World Event
231,Jade Tiger,PROMOTION,Promotion
386,Prairie Dog,WILDPET,Pet Battle
235,Leaping Hatchling,DROP,Drop
279,Tiny Shale Spider,DROP,Drop
392,Redridge Rat,WILDPET,Pet Battle
1144,Fungal Abomination,DROP,Drop
1145,Mr. Bigglesworth,ACHIEVEMENT,Achievement
171,Silver Pig,PROMOTION,Promotion
323,Nuts,ACHIEVEMENT,Achievement
325,Brilliant Kaliri,ACHIEVEMENT,Achievement
556,Crystal Beetle,WILDPET,Pet Battle
348,Eye of the Legion,TCG,Trading Card Game
538,Scourged Whelpling,WILDPET,Pet Battle
126,Mr. Wiggles,WORLDEVENT,World Event
138,Blue Moth,VENDOR,Vendor
179,Spirit of Competition,TRADINGPOST,Trading Post
189,Mini Tyrael,PROMOTION,Promotion
837,Emerald Shale Hatchling,WILDPET,Pet Battle
166,Pint-Sized Pink Pachyderm,WORLDEVENT,World Event
570,Masked Tanuki,WILDPET,Pet Battle
626,Bat,WILDPET,Pet Battle
500,Minfernal,WILDPET,Pet Battle
400,Widow Spiderling,WILDPET,Pet Battle
122,Peddlefeet,WORLDEVENT,World Event
838,Amethyst Shale Hatchling,WILDPET,Pet Battle
92,Panda Cub,PROMOTION,Promotion
153,Wolpertinger,WORLDEVENT,World Event
416,Scorpling,WILDPET,Pet Battle
437,Little Black Ram,WILDPET,Pet Battle
461,Larva,WILDPET,Pet Battle
236,Obsidian Hatchling,VENDOR,Vendor
409,Polly,WILDPET,Pet Battle
293,Elementium Geode,DROP,Drop
302,Landro's Lichling,TCG,Trading Card Game
253,Frigid Frostling,WORLDEVENT,World Event
1146,Stitched Pup,DROP,Drop
754,Shrine Fly,WILDPET,Pet Battle
632,Ash Lizard,WILDPET,Pet Battle
562,Coral Adder,WILDPET,Pet Battle
255,Celestial Dragon,ACHIEVEMENT,Achievement
479,Elfin Rabbit,WILDPET,Pet Battle
213,Enchanted Broom,VENDOR,Vendor
1147,Harbinger of Flame,DROP,Drop
224,Calico Cat,VENDOR,Vendor
342,Festival Lantern,WORLDEVENT,World Event
383,Eternal Strider,WILDPET,Pet Battle
89,Worg Pup,DROP,Drop
87,Sprite Darter Hatchling,DROP,Drop
42,Black Tabby Cat,DROP,Drop
72,Snowshoe Rabbit,VENDOR,Vendor
74,Albino Snake,VENDOR,Vendor
238,Razormaw Hatchling,DROP,Drop
204,Teldrassil Sproutling,VENDOR,Vendor
402,Swamp Moth,WILDPET,Pet Battle
1153,Death Talon Whelpguard,DROP,Drop
406,Beetle,WILDPET,Pet Battle
488,Coral Snake,WILDPET,Pet Battle
209,Elwynn Lamb,VENDOR,Vendor
218,Sen'jin Fetish,VENDOR,Vendor
271,Rustberg Gull,VENDOR,Vendor
1073,Terky,DROP,Drop
1154,Viscidus Globule,DROP,Drop
517,Warpstalker Hatchling,WILDPET,Pet Battle
552,Twilight Fiendling,WILDPET,Pet Battle
420,Toad,WILDPET,Pet Battle
502,Spotted Bell Frog,WILDPET,Pet Battle
679,Summit Kid,WILDPET,Pet Battle
1142,Clock'em,VENDOR,Vendor
1149,Corefire Imp,DROP,Drop
565,Jungle Darter,WILDPET,Pet Battle
868,Pandaren Water Spirit,QUEST,Quest
207,Durotar Scorpion,VENDOR,Vendor
1174,Gusting Grimoire,TCG,Trading Card Game
834,Grinder,DROP,Drop
1127,Spectral Cub,PROMOTION,Promotion
1201,Spawn of G'nathus,DROP,Drop
1208,Tiny Green Carp,PROFESSION,Profession
1181,Elder Python,WILDPET,Pet Battle
1182,Swamp Croaker,WILDPET,Pet Battle
1183,Son of Animus,DROP,Drop
1232,Coilfang Stalker,DROP,Drop
537,Dragonbone Hatchling,WILDPET,Pet Battle
220,Withers,QUEST,Quest
1200,Pygmy Direhorn,DROP,Drop
1205,Direhorn Runt,DROP,Drop
1209,Tiny White Carp,PROFESSION,Profession
1212,Zandalari Footslasher,DROP,Drop
1233,Pocket Reaver,DROP,Drop
1234,Lesser Voidcaller,DROP,Drop
232,Darting Hatchling,DROP,Drop
250,Perky Pug,ACHIEVEMENT,Achievement
557,Nether Faerie Dragon,WILDPET,Pet Battle
331,Alliance Balloon,QUEST,Quest
541,Fire-Proof Roach,WILDPET,Pet Battle
1213,Zandalari Toenibbler,DROP,Drop
1237,Gahz'rooki,VENDOR,Vendor
1243,Living Fluid,DROP,Drop
1235,Phoenix Hawk Hatchling,DROP,Drop
1236,Tito,ACHIEVEMENT,Achievement
709,Malayan Quillrat Pup,WILDPET,Pet Battle
732,Amber Moth,WILDPET,Pet Battle
817,Wild Jade Hatchling,WILDPET,Pet Battle
628,Infected Fawn,WILDPET,Pet Battle
1013,Wanderer's Festival Hatchling,WILDPET,Pet Battle
1184,Stunted Direhorn,ACHIEVEMENT,Achievement
1185,Spectral Porcupette,QUEST,Quest
1244,Viscous Horror,DROP,Drop
1157,Harpy Youngling,WILDPET,Pet Battle
1158,Stunted Yeti,WILDPET,Pet Battle
1159,Lofty Libram,WILDPET,Pet Battle
818,Wild Golden Hatchling,WILDPET,Pet Battle
819,Wild Crimson Hatchling,WILDPET,Pet Battle
820,Singing Cricket,WILDPET,Pet Battle
41,Cornish Rex Cat,VENDOR,Vendor
1211,Zandalari Anklerender,DROP,Drop
1245,Filthling,DROP,Drop
1160,Arcane Eye,WILDPET,Pet Battle
1161,Infinite Whelpling,WILDPET,Pet Battle
823,Highlands Skunk,WILDPET,Pet Battle
285,Landro's Lil' XT,TCG,Trading Card Game
297,Lil' Ragnaros,PETSTORE,In-Game Shop
737,Mongoose,WILDPET,Pet Battle
751,Dancing Water Skimmer,WILDPET,Pet Battle
1255,Zeradar,PROMOTION,Promotion
1266,"Xu-Fu, Cub of Xuen",VENDOR,Vendor
1276,Moon Moon,DROP,Drop
847,Fishy,QUEST,Quest
848,Darkmoon Rabbit,DROP,Drop
849,Chi-Ji Kite,PROFESSION,Profession
307,Lashtail Hatchling,QUEST,Quest
714,Feverbite Hatchling,WILDPET,Pet Battle
401,Strand Crab,WILDPET,Pet Battle
64,Wood Frog,VENDOR,Vendor
1303,"Chi-Chi, Hatchling of Chi-Ji",VENDOR,Vendor
1305,"Zao, Calfling of Niuzao",VENDOR,Vendor
1320,Lil' Bling,DROP,Drop
509,Tiny Bog Beast,WILDPET,Pet Battle
521,Fledgling Nether Ray,WILDPET,Pet Battle
640,Snowshoe Hare,WILDPET,Pet Battle
729,Tolai Hare,WILDPET,Pet Battle
821,Feral Vermling,ACHIEVEMENT,Achievement
903,Baneling,PROMOTION,Promotion
75,Black Kingsnake,VENDOR,Vendor
1206,Tiny Red Carp,PROFESSION,Profession
1248,Blossoming Ancient,PETSTORE,In-Game Shop
1304,"Yu'la, Broodling of Yu'lon",VENDOR,Vendor
200,Spring Rabbit,WORLDEVENT,World Event
95,Lifelike Toad,PROFESSION,Profession
282,Guild Herald,VENDOR,Vendor
1128,Sumprush Rodent,WILDPET,Pet Battle
46,White Kitten,VENDOR,Vendor
67,Hawk Owl,VENDOR,Vendor
1226,Lil' Bad Wolf,DROP,Drop
1227,Menagerie Custodian,DROP,Drop
211,Strand Crawler,PROFESSION,Profession
45,Silver Tabby Cat,VENDOR,Vendor
850,Yu'lon Kite,PROFESSION,Profession
330,Darkmoon Monkey,VENDOR,Vendor
746,Emperor Crab,WILDPET,Pet Battle
378,Rabbit,WILDPET,Pet Battle
1228,Netherspace Abyssal,DROP,Drop
1229,Fiendish Imp,DROP,Drop
851,Horned Lizard,WILDPET,Pet Battle
439,Restless Shadeling,WILDPET,Pet Battle
645,Highlands Turkey,WILDPET,Pet Battle
452,Red-Tailed Chipmunk,WILDPET,Pet Battle
140,Yellow Moth,VENDOR,Vendor
1207,Tiny Blue Carp,PROFESSION,Profession
1230,Tideskipper,DROP,Drop
1231,Tainted Waveling,DROP,Drop
646,Chicken,WILDPET,Pet Battle
1125,Pandaren Air Spirit,QUEST,Quest
128,Spirit of Summer,WORLDEVENT,World Event
216,Argent Gruntling,QUEST,Quest
217,Murkimus the Gladiator,PROMOTION,Promotion
227,Warbot,PROMOTION,Promotion
1042,Red Cricket,QUEST,Quest
1163,Anodized Robo Cub,WILDPET,Pet Battle
1164,Cogblade Raptor,WILDPET,Pet Battle
1165,Nexus Whelpling,WILDPET,Pet Battle
1126,Pandaren Earth Spirit,QUEST,Quest
1062,Darkmoon Glowfly,WILDPET,Pet Battle
387,Snake,WILDPET,Pet Battle
835,Hopling,WILDPET,Pet Battle
836,Aqua Strider,DROP,Drop
1124,Pandaren Fire Spirit,QUEST,Quest
1166,Kun-Lai Runt,WILDPET,Pet Battle
1167,Emerald Proto-Whelp,WILDPET,Pet Battle
1168,Murki,PROMOTION,Promotion
1177,Living Sandling,DROP,Drop
317,Hyjal Bear Cub,VENDOR,Vendor
415,Fire Beetle,WILDPET,Pet Battle
467,Dung Beetle,WILDPET,Pet Battle
3382,Stormie,VENDOR,Vendor
3384,Storm-Touched Bluefeather,WILDPET,Pet Battle
3385,Storm-Touched Stomper,WILDPET,Pet Battle
418,Water Snake,WILDPET,Pet Battle
1061,Darkmoon Hatchling,VENDOR,Vendor
470,Twilight Spider,WILDPET,Pet Battle
505,Twilight Iguana,WILDPET,Pet Battle
447,Fawn,WILDPET,Pet Battle
1117,Cinder Kitten,PETSTORE,In-Game Shop
233,Deviate Hatchling,DROP,Drop
286,Mr. Grubbs,DROP,Drop
506,Venomspitter Hatchling,WILDPET,Pet Battle
1068,Crow,WILDPET,Pet Battle
403,Parrot,WILDPET,Pet Battle
507,Crested Owl,WILDPET,Pet Battle
229,Shimmering Wyrmling,VENDOR,Vendor
343,Darkmoon Cub,VENDOR,Vendor
1178,Sunreaver Micro-Sentry,DROP,Drop
1179,Electrified Razortooth,WILDPET,Pet Battle
1180,Zandalari Kneebiter,DROP,Drop
168,Rocket Chicken,TCG,Trading Card Game
512,Scarab Hatchling,WILDPET,Pet Battle
532,Stunted Shardhorn,WILDPET,Pet Battle
523,Devouring Maggot,WILDPET,Pet Battle
530,Oily Slimeling,WILDPET,Pet Battle
1323,Ashleaf Spriteling,DROP,Drop
1329,Dandelion Frolicker,DROP,Drop
1363,Alterac Brew-Pup,PETSTORE,In-Game Shop
1330,Death Adder Hatchling,DROP,Drop
1364,Murkalot,PROMOTION,Promotion
1331,Droplet of Y'Shaarj,DROP,Drop
1332,Gooey Sha-ling,DROP,Drop
1334,Kovok,DROP,Drop
1337,Spineclaw Crab,DROP,Drop
1349,Rotten Little Helper,QUEST,Quest
1343,Bonkers,DROP,Drop
1351,Macabre Marionette,WORLDEVENT,World Event
1365,Treasure Goblin,PROMOTION,Promotion
1345,Gu'chi Swarmling,DROP,Drop
1346,Harmonious Porcupette,VENDOR,Vendor
1348,Jadefire Spirit,DROP,Drop
1321,Azure Crane Chick,DROP,Drop
1322,Blackfuse Bombling,DROP,Drop
1324,Ashwing Moth,WILDPET,Pet Battle
1350,Sky Lantern,VENDOR,Vendor
1325,Flamering Moth,WILDPET,Pet Battle
1326,Skywisp Moth,WILDPET,Pet Battle
1328,Ruby Droplet,DROP,Drop
1344,Vengeful Porcupette,VENDOR,Vendor
1333,Jademist Dancer,DROP,Drop
1335,Ominous Flame,DROP,Drop
1336,Skunky Alemental,DROP,Drop
1338,Gulp Froglet,DROP,Drop
1384,Hogs,ACHIEVEMENT,Achievement
1385,Albino Chimaeraling,QUEST,Quest
1387,Iron Starlette,QUEST,Quest
1386,Dread Hatchling,PROMOTION,Promotion
1514,Mystical Spring Bouquet,WORLDEVENT,World Event
1542,Frostwolf Pup,VENDOR,Vendor
1516,Bush Chicken,VENDOR,Vendor
1471,Fruit Hunter,DROP,Drop
1563,Bronze Whelpling,DROP,Drop
1442,Ghastly Kid,QUEST,Quest
1530,Frostwolf Ghostpup,PROFESSION,Profession
1532,Ikky,QUEST,Quest
1566,Everbloom Peachick,QUEST,Quest
1564,Doom Bloom,DROP,Drop
1572,Brilliant Bloodfeather,WILDPET,Pet Battle
1573,Golden Dawnfeather,WILDPET,Pet Battle
1574,Son of Sethe,VENDOR,Vendor
1394,Weebomination,QUEST,Quest
1567,Sentinel's Companion,QUEST,Quest
1568,Puddle Terror,QUEST,Quest
1569,Soul of the Forge,PROFESSION,Profession
1575,Sky Fry,VENDOR,Vendor
1576,Eye of Observation,DROP,Drop
1577,Bloodthorn Hatchling,VENDOR,Vendor
1545,Firewing,QUEST,Quest
1446,Meadowstomper Calf,VENDOR,Vendor
1447,Moonshell Crab,WILDPET,Pet Battle
1570,Sunfire Kaliri,QUEST,Quest
1429,Autumnal Sproutling,VENDOR,Vendor
1430,Forest Sproutling,VENDOR,Vendor
1432,Nightshade Sproutling,PROFESSION,Profession
1536,Zangar Spore,DROP,Drop
1537,Crimson Spore,DROP,Drop
1538,Umbrafen Spore,DROP,Drop
1539,Seaborne Spore,DROP,Drop
1426,Elekk Plushie,PROFESSION,Profession
1626,Fragment of Suffering,DROP,Drop
1434,Sun Sproutling,QUEST,Quest
1435,Leatherhide Runt,WILDPET,Pet Battle
1441,Mud Jumper,WILDPET,Pet Battle
1478,Syd the Squid,DROP,Drop
1540,Brilliant Spore,DROP,Drop
1546,Stormwing,ACHIEVEMENT,Achievement
1521,Cursed Birman,WORLDEVENT,World Event
1416,Teroclaw Hatchling,DROP,Drop
1615,Parched Lizard,WILDPET,Pet Battle
1412,Lifelike Mechanical Frostboar,PROFESSION,Profession
1523,Widget the Departed,WORLDEVENT,World Event
1636,Race MiniZep,ACHIEVEMENT,Achievement
1571,Albino River Calf,VENDOR,Vendor
1427,Frostfur Rat,WILDPET,Pet Battle
1450,Draenei Micro Defender,VENDOR,Vendor
1451,Molten Corgi,ACHIEVEMENT,Achievement
1453,River Calf,VENDOR,Vendor
1428,Zomstrok,DROP,Drop
1411,Royal Peachick,ACHIEVEMENT,Achievement
1524,"Netherspawn, Spawn of Netherspawn",DROP,Drop
1454,Murkidan,PROMOTION,Promotion
1455,Mossbite Skitterer,WILDPET,Pet Battle
1456,Thicket Skitterer,WILDPET,Pet Battle
1578,Frostshell Pincher,WILDPET,Pet Battle
1511,Lovebird Hatchling,VENDOR,Vendor
1543,Pygmy Cow,DROP,Drop
1449,Deathwatch Hatchling,VENDOR,Vendor
1457,Icespine Hatchling,WILDPET,Pet Battle
1458,Bone Wasp,VENDOR,Vendor
1544,Hatespark the Tiny,DROP,Drop
1565,Mechanical Scorpid,PROFESSION,Profession
1581,Fen Crab,WILDPET,Pet Battle
1396,Crazy Carrot,VENDOR,Vendor
1517,Blazing Cindercrawler,WORLDEVENT,World Event
1465,Amberbarb Wasp,WILDPET,Pet Battle
2868,Experiment 13,VENDOR,Vendor
1462,Bloodsting Wasp,WILDPET,Pet Battle
1463,Wood Wasp,WILDPET,Pet Battle
1582,Zangar Crawler,WILDPET,Pet Battle
1622,Grotesque,DROP,Drop
1627,Fragment of Desire,DROP,Drop
1628,Sister of Temptation,DROP,Drop
1403,Mechanical Axebeak,PROFESSION,Profession
1448,Sea Calf,PROFESSION,Profession
1464,Twilight Wasp,WILDPET,Pet Battle
1466,Brightpaw,PETSTORE,In-Game Shop
1579,Ironclaw Scuttler,WILDPET,Pet Battle
1623,Leviathan Hatchling,DROP,Drop
1495,Ore Eater,PROFESSION,Profession
1629,Stinkrot,DROP,Drop
1631,Hyjal Wisp,DROP,Drop
1467,Sky-Bo,DROP,Drop
1515,Stonegrinder,DROP,Drop
1624,Abyssius,DROP,Drop
1625,Fragment of Anger,DROP,Drop
1531,Ancient Nest Guardian,PROFESSION,Profession
1533,Lanticore Spawnling,DROP,Drop
1395,Lil' Leftovers,PROFESSION,Profession
1518,Stout Alemental,WORLDEVENT,World Event
1468,Bloodbeak,WILDPET,Pet Battle
1469,Junglebeak,WILDPET,Pet Battle
1470,Axebeak Hatchling,WILDPET,Pet Battle
1541,Hydraling,DROP,Drop
1738,Auburn Ringtail,WILDPET,Pet Battle
1739,Spring Strider,WILDPET,Pet Battle
1602,Grommloc,PROMOTION,Promotion
1603,Argi,PETSTORE,In-Game Shop
1604,Nethaera's Light,DROP,Drop
1605,Trunks,ACHIEVEMENT,Achievement
1583,Kelp Scuttler,WILDPET,Pet Battle
1586,Cerulean Moth,WILDPET,Pet Battle
1587,Royal Moth,WILDPET,Pet Battle
1778,Dust Bunny,WILDPET,Pet Battle
1802,Fetid Waveling,DROP,Drop
1803,Thistleleaf Adventurer,DROP,Drop
1588,Dusty Sporewing,VENDOR,Vendor
1589,Crimsonwing Moth,WILDPET,Pet Battle
1590,Swamplighter Firefly,WILDPET,Pet Battle
1591,Violet Firefly,WILDPET,Pet Battle
1592,Sapphire Firefly,WILDPET,Pet Battle
1593,Waterfly,WILDPET,Pet Battle
1660,Fel Pup,QUEST,Quest
1661,Lost Netherpup,VENDOR,Vendor
1662,Cinder Pup,DROP,Drop
1632,Sunblade Micro-Defender,DROP,Drop
1633,Chaos Pup,DROP,Drop
1634,Wretched Servant,DROP,Drop
1717,Extinguished Eye,VENDOR,Vendor
1718,Hateful Eye,WILDPET,Pet Battle
1719,Eye of Inquisition,DROP,Drop
1701,Enchanted Pen,PROFESSION,Profession
1720,Emmigosa,QUEST,Quest
1721,Stormborne Whelpling,DROP,Drop
1635,K'ute,ACHIEVEMENT,Achievement
1663,Periwinkle Calf,DROP,Drop
1690,Shard of Cyrukh,DROP,Drop
1750,Tiny Apparition,WILDPET,Pet Battle
1804,Risen Saber Kitten,DROP,Drop
1805,Alarm-o-Bot,VENDOR,Vendor
1722,Dream Whelpling,WILDPET,Pet Battle
1723,Nightmare Whelpling,DROP,Drop
1726,Burrow Spiderling,WILDPET,Pet Battle
1727,Nursery Spider,VENDOR,Vendor
1749,Rose Taipan,WILDPET,Pet Battle
1692,Savage Cub,VENDOR,Vendor
1693,Blazing Firehawk,VENDOR,Vendor
1728,Juvenile Scuttleback,WILDPET,Pet Battle
1655,Slithershock Elver,WILDPET,Pet Battle
1656,Young Talbuk,WILDPET,Pet Battle
1731,Felspider,WILDPET,Pet Battle
1664,Nightmare Bell,WILDPET,Pet Battle
1729,Olivetail Hare,WILDPET,Pet Battle
1672,Corrupted Nest Guardian,DROP,Drop
1713,Long-Eared Owl,WILDPET,Pet Battle
1714,Northern Hawk Owl,WILDPET,Pet Battle
1715,Nightwatch Swooper,VENDOR,Vendor
1708,Albatross Chick,WILDPET,Pet Battle
1806,Knockoff Blingtron,DROP,Drop
1725,Grumpling,WORLDEVENT,World Event
1734,Shimmering Aquafly,WILDPET,Pet Battle
1735,Terror Larva,WILDPET,Pet Battle
1775,Coralback Fiddler,WILDPET,Pet Battle
1776,Mudshell Conch,WILDPET,Pet Battle
1777,Broot,DROP,Drop
1705,Grumpy,QUEST,Quest
1716,Fledgling Warden Owl,VENDOR,Vendor
1752,Crispin,DROP,Drop
1753,Bleakwater Jelly,DROP,Drop
1754,Sewer-Pipe Jelly,VENDOR,Vendor
1755,Plump Jelly,VENDOR,Vendor
1706,Ashmaw Cub,QUEST,Quest
1756,Ridgeback Piglet,WILDPET,Pet Battle
1688,Crusher,VENDOR,Vendor
1759,Thaumaturgical Piglet,WILDPET,Pet Battle
1764,Energized Manafiend,DROP,Drop
1765,Empyreal Manafiend,DROP,Drop
1807,Vicious Broodling,WILDPET,Pet Battle
1736,Slithering Brownscale,WILDPET,Pet Battle
1737,Vale Flitter,WILDPET,Pet Battle
1687,Left Shark,DROP,Drop
1939,Legionnaire Murky,PROMOTION,Promotion
1730,Spectral Spinner,WORLDEVENT,World Event
1743,Black-Footed Fox Kit,WILDPET,Pet Battle
1744,Mist Fox Kit,WILDPET,Pet Battle
1760,Fel Piglet,VENDOR,Vendor
1766,Empowered Manafiend,DROP,Drop
1773,Erudite Manafiend,WILDPET,Pet Battle
1774,Eldritch Manafiend,WILDPET,Pet Battle
1665,Ghostshell Crab,VENDOR,Vendor
1666,Blorp,VENDOR,Vendor
1594,Mudback Calf,WILDPET,Pet Battle
1595,Flat-Tooth Calf,WILDPET,Pet Battle
1596,Veilwatcher Hatchling,VENDOR,Vendor
1761,Echo Batling,WILDPET,Pet Battle
1762,Hog-Nosed Bat,WILDPET,Pet Battle
1597,Kaliri Hatchling,VENDOR,Vendor
1598,Glowing Sporebat,VENDOR,Vendor
1639,Graves,PROMOTION,Promotion
1740,Ghost Maggot,WORLDEVENT,World Event
1601,Servant of Demidos,DROP,Drop
1599,Shadow Sporebat,WILDPET,Pet Battle
1600,Bone Serpent,WILDPET,Pet Battle
1709,Fledgling Kingfeather,WILDPET,Pet Battle
1710,Fledgling Oliveback,WILDPET,Pet Battle
1711,Skyhorn Nestling,QUEST,Quest
1691,Nibbles,PROMOTION,Promotion
1699,Enchanted Cauldron,PROFESSION,Profession
1700,Enchanted Torch,PROFESSION,Profession
1712,Golden Eaglet,WILDPET,Pet Battle
1741,Ghastly Rat,WORLDEVENT,World Event
1763,Spiketail Beaver,WILDPET,Pet Battle
1809,Crystalline Broodling,WILDPET,Pet Battle
1810,Thornclaw Broodling,WILDPET,Pet Battle
1808,Leyline Broodling,PROFESSION,Profession
1828,Baby Winston,PROMOTION,Promotion
1884,Baby Elderhorn,VENDOR,Vendor
1885,Sunborne Val'kyr,VENDOR,Vendor
1886,Trigger,PROFESSION,Profession
1887,Wyrmy Tunkins,PROFESSION,Profession
1903,Zoom,ACHIEVEMENT,Achievement
1888,Celestial Calf,VENDOR,Vendor
1889,Felbat Pup,WILDPET,Pet Battle
1890,Corgi Pup,VENDOR,Vendor
2869,Tinyclaw,VENDOR,Vendor
1907,Pygmy Owl,DROP,Drop
2063,Sneaky Marmot,DROP,Drop
2116,Orphaned Marsuul,VENDOR,Vendor
2124,Bilescourge,WILDPET,Pet Battle
1926,Hungering Claw,DROP,Drop
2071,Bronze Proto-Whelp,QUEST,Quest
2091,Corrupted Blood,DROP,Drop
2092,Unstable Tendril,DROP,Drop
1952,Dreadmaw,DROP,Drop
1953,Snobold Runt,DROP,Drop
1997,Crackers,QUEST,Quest
2018,Paradox Spirit,VENDOR,Vendor
1938,Rescued Fawn,ACHIEVEMENT,Achievement
2076,SpeedyNumberIII,,
1914,Coastal Sandpiper,WILDPET,Pet Battle
2093,Amalgam of Destruction,ACHIEVEMENT,Achievement
2122,Antoran Bile Larva,WILDPET,Pet Battle
1954,Nerubian Swarmer,DROP,Drop
1955,Magma Rageling,DROP,Drop
1956,Ironbound Proto-Whelp,DROP,Drop
1957,Runeforged Servitor,DROP,Drop
2049,Son of Skum,ACHIEVEMENT,Achievement
2064,Mining Monkey,ACHIEVEMENT,Achievement
2065,Dig Rat,DROP,Drop
2158,Mailemental,ACHIEVEMENT,Achievement
2123,Bile Larva,WILDPET,Pet Battle
1958,Sanctum Cub,DROP,Drop
1959,Winter Rageling,DROP,Drop
1960,Snaplasher,DROP,Drop
1961,G0-R41-0N Ultratonk,DROP,Drop
1978,Dutiful Squire,ACHIEVEMENT,Achievement
1979,Dutiful Gruntling,ACHIEVEMENT,Achievement
2062,Shadow,PETSTORE,In-Game Shop
1915,Blind Rat,WILDPET,Pet Battle
2078,Tinytron,DROP,Drop
2079,Discarded Experiment,DROP,Drop
1928,Firebat Pup,DISCOVERY,Discovery
1929,Corgnelius,DISCOVERY,Discovery
1962,Creeping Tentacle,DROP,Drop
1963,Boneshard,DROP,Drop
1964,Blood Boil,DROP,Drop
2114,Globe Yeti,WORLDEVENT,World Event
2118,Docile Skyfin,DROP,Drop
2080,Rattlejaw,DROP,Drop
2081,Twilight Clutch-Sister,DROP,Drop
2082,Bound Stream,DROP,Drop
1965,Blightbreath,DROP,Drop
1966,Soulbroken Whelpling,DROP,Drop
1967,Drudge Ghoul,DROP,Drop
1968,Wicked Soul,DROP,Drop
2051,Twilight,PETSTORE,In-Game Shop
2058,Foe Reaper 0.9,VENDOR,Vendor
1932,Nightmare Lasher,WILDPET,Pet Battle
1940,Knight-Captain Murky,PROMOTION,Promotion
2072,Ageless Bronze Drake,DROP,Drop
2119,Fel-Afflicted Skyfin,DROP,Drop
1920,Transmutant,PROFESSION,Profession
1921,Untethered Wyrmling,QUEST,Quest
2083,Faceless Minion,DROP,Drop
1969,Stardust,QUEST,Quest
2001,Dibbler,DROP,Drop
2002,Naxxy,WORLDEVENT,World Event
2042,Scraps,DROP,Drop
1927,Ash'ana,VENDOR,Vendor
3409,Tide Spirit,DROP,Drop
3410,Dust Spirit,DROP,Drop
3411,Blaze Spirit,DROP,Drop
3412,Gale Spirit,DROP,Drop
2113,Felclaw Marsuul,ACHIEVEMENT,Achievement
2117,Fel Lasher,PROFESSION,Profession
2120,Grasping Manifestation,DROP,Drop
1918,Alliance Enthusiast,ACHIEVEMENT,Achievement
1922,Lurking Owl Kitten,QUEST,Quest
2084,Zephyrian Prince,DROP,Drop
2003,Hearthy,ACHIEVEMENT,Achievement
1912,Young Mutant Warturtle,WILDPET,Pet Battle
1913,Gleamhoof Fawn,WILDPET,Pet Battle
2077,Ghost Shark,PROFESSION,Profession
2121,Fossorial Bile Larva,PROFESSION,Profession
1934,Benax,DROP,Drop
1943,Noblegarden Bunny,WORLDEVENT,World Event
2041,Pocket Cannon,VENDOR,Vendor
2086,Blazehound,DROP,Drop
2087,Cinderweb Recluse,DROP,Drop
2088,Surger,DROP,Drop
2022,Tylarr Gronnden,VENDOR,Vendor
1931,Court Scribe,VENDOR,Vendor
1998,Everliving Spore,DROP,Drop
1941,Snowfang,WILDPET,Pet Battle
2050,Orphaned Felbat,DROP,Drop
2089,Infernal Pyreclaw,DROP,Drop
2090,Faceless Mindlasher,DROP,Drop
2035,Bloodbrood Whelpling,VENDOR,Vendor
2036,Frostbrood Whelpling,VENDOR,Vendor
2037,Vilebrood Whelpling,VENDOR,Vendor
2047,"Ban-Fu, Cub of Ban-Lu",VENDOR,Vendor
1999,Cavern Moccasin,DROP,Drop
2000,Young Venomfang,DROP,Drop
2004,Trashy,VENDOR,Vendor
1919,Horde Fanatic,ACHIEVEMENT,Achievement
1936,Mischief,PETSTORE,In-Game Shop
1974,Snowfeather Hatchling,DROP,Drop
1975,Direbeak Hatchling,DROP,Drop
1976,Sharptalon Hatchling,DROP,Drop
1933,Nightmare Treant,ACHIEVEMENT,Achievement
1984,Albino Buzzard,DROP,Drop
2085,Drafty,DROP,Drop
1935,Squirky,WILDPET,Pet Battle
1977,Bloodgazer Hatchling,DROP,Drop
2057,Tricorne,VENDOR,Vendor
1930,Lagan,WILDPET,Pet Battle
1937,Wondrous Wisdomball,QUEST,Quest
2115,Cross Gazer,VENDOR,Vendor
1917,Stormstruck Beaver,WILDPET,Pet Battle
2143,Tottle,PROMOTION,Promotion
2135,Rebellious Imp,DROP,Drop
2136,Uuna,DROP,Drop
2126,Antoran Bilescourge,WILDPET,Pet Battle
2127,Flickering Argunite,WILDPET,Pet Battle
2128,Warpstalker Runt,WILDPET,Pet Battle
2129,Voidstalker Runt,WILDPET,Pet Battle
2130,Void Shardling,WILDPET,Pet Battle
2131,Arcane Gorger,WILDPET,Pet Battle
2132,Felcrazed Wyrm,WILDPET,Pet Battle
2133,Pygmy Marsuul,WILDPET,Pet Battle
2134,Skyfin Juvenile,WILDPET,Pet Battle
2157,Dart,QUEST,Quest
2184,Whomper,PETSTORE,In-Game Shop
2185,Cap'n Crackers,PETSTORE,In-Game Shop
2165,Francois,DROP,Drop
2163,Silithid Mini-Tank,DROP,Drop
2186,Spawn of Merektha,DROP,Drop
2187,Filthy Slime,DROP,Drop
2188,Poda,QUEST,Quest
2189,Smoochums,VENDOR,Vendor
4849,Flotsam Harvester,VENDOR,Vendor
2196,Lil' Tika,QUEST,Quest
2197,Direhorn Hatchling,PROFESSION,Profession
2198,Taptaf,WILDPET,Pet Battle
2199,Restored Revenant,PROFESSION,Profession
2190,Guardian Cobra Hatchling,QUEST,Quest
2192,Vengeful Chicken,QUEST,Quest
2201,Enchanted Tiki Mask,PROFESSION,Profession
2202,Miimii,ACHIEVEMENT,Achievement
2395,Glutted Bleeder,WILDPET,Pet Battle
2397,Spectral Raven,WILDPET,Pet Battle
2398,Boghopper,WILDPET,Pet Battle
2403,Abyssal Eel,VENDOR,Vendor
2372,Shadowback Crawler,WILDPET,Pet Battle
2373,River Frog,WILDPET,Pet Battle
2404,Seabreeze Bumblebee,VENDOR,Vendor
2405,Corlain Falcon,VENDOR,Vendor
2374,Freshwater Crawler,WILDPET,Pet Battle
2375,Vale Marmot,WILDPET,Pet Battle
2399,Hermit Crab,WILDPET,Pet Battle
2400,Coastal Bounder,WILDPET,Pet Battle
2406,Drustvar Piglet,VENDOR,Vendor
2407,Frenzied Cottontail,VENDOR,Vendor
2418,Child of Jani,VENDOR,Vendor
2419,Swamp Toad,VENDOR,Vendor
2376,Valley Chicken,WILDPET,Pet Battle
2377,Sandyback Crawler,WILDPET,Pet Battle
2378,River Otter,WILDPET,Pet Battle
2408,Bilefang Skitterer,VENDOR,Vendor
2409,Greatwing Macaw,VENDOR,Vendor
2379,Honey Bee,WILDPET,Pet Battle
2380,Parasitic Boarfly,WILDPET,Pet Battle
2381,Shack Crab,WILDPET,Pet Battle
2352,Baa'l,WILDPET,Pet Battle
2410,Mechanical Prairie Dog,VENDOR,Vendor
2411,Wicker Pup,DROP,Drop
2382,Inland Croaker,WILDPET,Pet Battle
2383,Giant Woodworm,WILDPET,Pet Battle
2384,Shore Butterfly,WILDPET,Pet Battle
2401,Rooter,ACHIEVEMENT,Achievement
2402,Brutus,ACHIEVEMENT,Achievement
2412,Tiny Direhorn,VENDOR,Vendor
2413,Zandalari Shinchomper,VENDOR,Vendor
2385,Barrier Hermit,WILDPET,Pet Battle
2386,Coastal Scuttler,WILDPET,Pet Battle
2387,Golden Beetle,WILDPET,Pet Battle
2414,Bloodfeaster Larva,VENDOR,Vendor
2415,Tragg the Curious,VENDOR,Vendor
2388,Bloodfever Tarantula,WILDPET,Pet Battle
2389,Elusive Skimmer,WILDPET,Pet Battle
2390,Leafy Flutterwing,WILDPET,Pet Battle
2416,Lil' Ben'fon,VENDOR,Vendor
2417,Ranishu Runt,VENDOR,Vendor
2392,Young Sand Sifter,WILDPET,Pet Battle
2393,Sticky Oozeling,WILDPET,Pet Battle
2394,Returned Hatchling,WILDPET,Pet Battle
2439,Azerite Puddle,VENDOR,Vendor
2440,Fozling,DROP,Drop
2478,Sir Snips,ACHIEVEMENT,Achievement
2479,Bucketshell,ACHIEVEMENT,Achievement
2432,Fuzzy Creepling,DROP,Drop
2437,Ragepeep,DROP,Drop
2443,Lil' Siege Tower,VENDOR,Vendor
2444,Lil' War Machine,VENDOR,Vendor
2421,Saurolisk Hatchling,WILDPET,Pet Battle
2422,Blue Flitter,WILDPET,Pet Battle
2423,Freshwater Pincher,WILDPET,Pet Battle
2424,Crimson Frog,VENDOR,Vendor
2747,Gruesome Belcher,VENDOR,Vendor
2425,Barnacled Hermit Crab,WILDPET,Pet Battle
2426,Sandstinger Wasp,WILDPET,Pet Battle
2427,Cou'pa,VENDOR,Vendor
2428,Carnivorous Lasher,VENDOR,Vendor
2429,Azeriti,VENDOR,Vendor
2430,Lost Platysaur,VENDOR,Vendor
2445,Scuttle,DROP,Drop
2446,Sparkleshell Sandcrawler,DROP,Drop
2447,Kindleweb Spiderling,DROP,Drop
2448,Craghoof Kid,DROP,Drop
2449,False Knucklebump,DROP,Drop
2450,Tinder Pup,DROP,Drop
2442,Bumbles,ACHIEVEMENT,Achievement
2451,Bloodstone Tunneler,DROP,Drop
2452,Poro,DROP,Drop
2441,Squawkling,DROP,Drop
2453,Juvenile Brineshell,DROP,Drop
2454,Kunchong Hatchling,DROP,Drop
2474,Gearspring Hopper,PROFESSION,Profession
2475,Slippy,PROFESSION,Profession
2455,Captain Nibs,DROP,Drop
2456,Barnaby,DROP,Drop
2476,Bloated Bloodfeaster,PROFESSION,Profession
2477,Baby Crawg,PROFESSION,Profession
2457,Coldlight Surfrunner,DROP,Drop
2458,Muskflank Calfling,DROP,Drop
2459,Snort,DROP,Drop
2460,Voru'kar Leecher,DROP,Drop
2461,Inky,DROP,Drop
2462,Octopode Fry,DROP,Drop
2463,Sandshell Chitterer,DROP,Drop
2464,Deathsting Scorpid,DROP,Drop
2420,Accursed Hexxer,VENDOR,Vendor
2438,Foulfeather,DROP,Drop
2465,Playful Frostkin,DROP,Drop
2466,Giggling Flame,DROP,Drop
2467,Mischievous Zephyr,DROP,Drop
2468,Laughing Stonekin,DROP,Drop
2431,Dreadtick Leecher,ACHIEVEMENT,Achievement
2433,Aldrusian Sproutling,DROP,Drop
2434,Voidwiggler,DROP,Drop
2435,Teeny Titan Orb,DROP,Drop
2436,Scabby,DROP,Drop
2469,Thistlebrush Bud,DROP,Drop
2471,Littlehoof,DROP,Drop
2472,Snapper,DROP,Drop
2473,Sunscale Hatchling,DROP,Drop
2549,Void Jelly,DROP,Drop
2550,Zur'aj the Depleted,DROP,Drop
2585,Kor'thik Swarmling,DROP,Drop
2586,Amberglow Stinger,DROP,Drop
2587,Spawn of Garalon,DROP,Drop
2748,Ziggy,VENDOR,Vendor
2749,Crypt Fiend,VENDOR,Vendor
2750,Shrieker,VENDOR,Vendor
2589,Living Amber,DROP,Drop
2590,Ravenous Prideling,DROP,Drop
2591,Happiness,ACHIEVEMENT,Achievement
2779,Anima Wyrmling,PROMOTION,Promotion
2537,Baby Zandalari Raptor,WILDPET,Pet Battle
2538,Dasher,DROP,Drop
2535,Wicker Wraith,ACHIEVEMENT,Achievement
2539,Trecker,VENDOR,Vendor
2540,Tanzil,VENDOR,Vendor
2525,Redridge Tarantula,DROP,Drop
2541,Proper Parrot,DROP,Drop
2531,Mechanical Cockroach,VENDOR,Vendor
2532,Leper Rat,VENDOR,Vendor
2526,Feathers,QUEST,Quest
2527,Child of Pa'ku,DROP,Drop
2533,Alarm-O-Dog,VENDOR,Vendor
2534,Mini Spider Tank,ACHIEVEMENT,Achievement
2528,Spawn of Krag'wa,DROP,Drop
2529,Thunder Lizard Runt,DROP,Drop
2563,Nightwreathed Watcher,QUEST,Quest
2530,Mechantula,PROFESSION,Profession
2544,Darkshore Sentinel,DROP,Drop
2579,Stoneclaw,DROP,Drop
2580,Wayward Spirit,DROP,Drop
2581,Comet,DROP,Drop
2545,Gust of Cyclarus,DROP,Drop
2546,Detective Ray,DROP,Drop
2777,Gillvanas,PROMOTION,Promotion
2778,Finduin,PROMOTION,Promotion
2582,Baoh-Xi,DROP,Drop
2583,Azure Windseeker,DROP,Drop
2584,Spirit of the Spring,DROP,Drop
2547,Hydrath Droplet,DROP,Drop
2548,Everburning Treant,DROP,Drop
2689,Chitterspine Needler,DROP,Drop
2575,Mr. Crabs,QUEST,Quest
2576,Beakbert,QUEST,Quest
2577,Froglet,QUEST,Quest
2792,Papi,DROP,Drop
2793,Sunsoaked Flitter,DROP,Drop
2794,Crimson Skipper,DROP,Drop
2561,Thunderscale Whelpling,DROP,Drop
2562,Crimson Octopode,VENDOR,Vendor
2690,Caverndark Nightmare,DROP,Drop
2578,Scaley,QUEST,Quest
3389,The Quackcestor,WILDPET,Pet Battle
3390,Sophic Amalgamation,PROFESSION,Profession
2691,Chitterspine Devourer,VENDOR,Vendor
2780,Daisy,PETSTORE,In-Game Shop
2663,Junkheap Roach,WILDPET,Pet Battle
2664,Experimental Roach,WILDPET,Pet Battle
2665,Fleeting Frog,WILDPET,Pet Battle
2692,Lightless Ambusher,DROP,Drop
2638,Minimancer,ACHIEVEMENT,Achievement
2666,Yellow Junkhopper,WILDPET,Pet Battle
2667,Motorized Croaker,WILDPET,Pet Battle
2668,Copper Hopper,WILDPET,Pet Battle
2694,Mindlost Bloodfrenzy,DROP,Drop
2669,Rustbolt Clucker,WILDPET,Pet Battle
2670,Mechagon Marmot,WILDPET,Pet Battle
2671,Specimen 97,WILDPET,Pet Battle
2695,Daggertooth Frenzy,DROP,Drop
2696,Nameless Octopode,DROP,Drop
2697,Amethyst Softshell,DROP,Drop
2796,Void-Scarred Toad,WILDPET,Pet Battle
2797,Void-Scarred Pup,VENDOR,Vendor
2672,Alloyed Alleyrat,WILDPET,Pet Battle
2673,Scrapyard Tunneler,WILDPET,Pet Battle
2698,Prismatic Softshell,VENDOR,Vendor
2699,Damplight Slug,VENDOR,Vendor
2700,Wriggler,DROP,Drop
2701,Seafury,DROP,Drop
2621,Lil' Nefarian,WORLDEVENT,World Event
2622,Jingles,WORLDEVENT,World Event
2645,Sandclaw Pincher,WILDPET,Pet Battle
2646,Sandclaw Sunshell,WILDPET,Pet Battle
2647,Glimmershell Scuttler,WILDPET,Pet Battle
2674,H4ND-EE,WILDPET,Pet Battle
2675,Clanking Scrapsorter,WILDPET,Pet Battle
2702,Stormwrath,DROP,Drop
2703,Sandkeep,DROP,Drop
2704,Scalebrood Hydra,DROP,Drop
2623,Dottie,PETSTORE,In-Game Shop
2648,Chitterspine Skitterling,WILDPET,Pet Battle
2649,Hissing Chitterspine,WILDPET,Pet Battle
2650,Great Sea Albatross,WILDPET,Pet Battle
2651,Deeptide Fingerling,WILDPET,Pet Battle
2676,Malfunctioning Microbot,WILDPET,Pet Battle
2677,Twilight Whelpling,WILDPET,Pet Battle
2680,Zanj'ir Poker,DROP,Drop
2706,Brinestone Algan,DROP,Drop
2707,Budding Algan,DROP,Drop
2719,Bonebiter,DROP,Drop
2652,Bloodseeker,WILDPET,Pet Battle
2653,Spireshell Snail,WILDPET,Pet Battle
2657,Blackchasm Crawler,WILDPET,Pet Battle
2658,Chitterspine Deepstalker,WILDPET,Pet Battle
2659,Trench Slug,WILDPET,Pet Battle
2678,Abyssal Slitherling,WILDPET,Pet Battle
2681,Murgle,DROP,Drop
2708,Coral Lashling,DROP,Drop
2482,Wolf Balloon,VENDOR,Vendor
2483,Murloc Balloon,VENDOR,Vendor
2484,Horse Balloon,VENDOR,Vendor
2682,Necrofin Tadpole,DROP,Drop
2709,Skittering Eel,DROP,Drop
2710,Drowned Hatchling,VENDOR,Vendor
2720,Arachnoid Skitterbot,DROP,Drop
2721,Echoing Oozeling,QUEST,Quest
2754,Ghostly Whelpling,DROP,Drop
2660,Muck Slug,WILDPET,Pet Battle
2683,Kelpfin,ACHIEVEMENT,Achievement
2711,Golden Snorf,DROP,Drop
2712,Snowsoft Nibbler,DROP,Drop
2713,Mustyfur Snooter,VENDOR,Vendor
2755,Adventurous Hopling,DROP,Drop
2756,Irradiated Elementaling,DROP,Drop
2757,Slimy Otter,DROP,Drop
2661,Rustyroot Snooter,WILDPET,Pet Battle
2662,Duskytooth Snooter,WILDPET,Pet Battle
2684,Glittering Diamondshell,DROP,Drop
2693,Spawn of Nalaada,DROP,Drop
2714,OOX-35/MG,DROP,Drop
2715,Lost Robogrip,DROP,Drop
2758,Slimy Eel,DROP,Drop
2760,Slimy Octopode,DROP,Drop
2761,Slimy Fangtooth,DROP,Drop
2762,Slimy Darkhunter,DROP,Drop
2551,Baby Stonehide,DROP,Drop
2552,Leatherwing Screecher,VENDOR,Vendor
2553,Rotting Ghoul,DROP,Drop
2685,Sandclaw Nestseeker,QUEST,Quest
2716,Utility Mechanoclaw,PROFESSION,Profession
2870,Wailing Lasher,VENDOR,Vendor
2717,Microbot XD,PROFESSION,Profession
2763,Slimy Hermit Crab,DROP,Drop
2765,Slimy Sea Slug,DROP,Drop
2776,Rikki,PROMOTION,Promotion
2554,Needleback Pup,DROP,Drop
2555,Albino Duskwatcher,VENDOR,Vendor
2556,Shadefeather Hatchling,DROP,Drop
2558,Lord Woofington,DROP,Drop
2686,Pearlescent Glimmershell,VENDOR,Vendor
2718,Microbot 8D,DROP,Drop
2753,Spraybot 0D,DROP,Drop
2766,Armored Vaultbot,DROP,Drop
2564,Rebuilt Gorilla Bot,DROP,Drop
2565,Rebuilt Mechanical Spider,DROP,Drop
2566,Albatross Hatchling,DROP,Drop
2557,Firesting Buzzer,DROP,Drop
2687,Lustrous Glimmershell,QUEST,Quest
2795,Jenafur,DROP,Drop
2798,Plagueborn Slime,QUEST,Quest
2767,Burnout,ACHIEVEMENT,Achievement
2567,Crimson Bat Pup,DROP,Drop
2568,Cobalt Raven,DROP,Drop
2569,Violet Abyssal Eel,DROP,Drop
2559,Tonguelasher,DROP,Drop
2560,Scritches,DROP,Drop
2688,Brilliant Glimmershell,QUEST,Quest
2839,Void-Scarred Hare,DROP,Drop
2840,Void-Scarred Cat,DROP,Drop
2841,Void-Scarred Rat,DROP,Drop
2842,Anomalus,DROP,Drop
2843,Void-Scarred Beetle,DROP,Drop
2844,Reek,ACHIEVEMENT,Achievement
2845,K'uddly,DROP,Drop
2846,Corrupted Tentacle,DROP,Drop
2847,Rotbreath,DROP,Drop
2832,Muar,DROP,Drop
2833,Void-Scarred Anubisath,DROP,Drop
2834,Aqir Hivespawn,DROP,Drop
2835,Ra'kim,DROP,Drop
2848,Aqir Tunneler,DROP,Drop
2849,Pygmy Camel,VENDOR,Vendor
2836,Eye of Corruption,DROP,Drop
2837,Gloop,DROP,Drop
2838,C'Thuffer,DROP,Drop
2850,Cursed Dune Watcher,DROP,Drop
2851,Wicked Lurker,DROP,Drop
2852,Jade Defender,DROP,Drop
2853,Windfeather Chick,VENDOR,Vendor
2863,Oasis Void-Duster,WILDPET,Pet Battle
2864,Void-Scarred Locust,WILDPET,Pet Battle
2865,Voidskimmer,WILDPET,Pet Battle
2866,Voidglower,WILDPET,Pet Battle
2867,Golden Chirper,WILDPET,Pet Battle
2872,Shadowbarb Hatchling,QUEST,Quest
2908,Chirpy Valeshrieker,DROP,Drop
2909,Cloudfeather Fledgling,DROP,Drop
3067,Spriggan Trickster,ACHIEVEMENT,Achievement
3041,Death Seeker,ACHIEVEMENT,Achievement
2921,Gorm Harrier,DROP,Drop
2889,PHA7-YNX,PROFESSION,Profession
2911,Amber Glitterwing,DROP,Drop
2913,Fuzzy Shimmermoth,QUEST,Quest
2914,Starry Dreamfoal,QUEST,Quest
3047,Spinebug,DROP,Drop
3008,Lost Quill,DROP,Drop
2888,Glimr,QUEST,Quest
3009,The Count,DROP,Drop
3010,Sinfall Screecher,DROP,Drop
2915,Willowbreeze,VENDOR,Vendor
2916,Hungry Burrower,DROP,Drop
2890,Sunny,PETSTORE,In-Game Shop
3037,Dread,DROP,Drop
3040,Sharpclaw,DROP,Drop
3042,Ruffle,VENDOR,Vendor
3043,Jiggles,VENDOR,Vendor
2918,Grubby,QUEST,Quest
2919,Gorm Rootstinger,WILDPET,Pet Battle
2920,Gorm Needler,DROP,Drop
3006,Stoneskin Dredwing Pup,DROP,Drop
3007,Rosetipped Spiderling,WILDPET,Pet Battle
2922,Devouring Animite,DROP,Drop
3050,Bleak Skitterer,WILDPET,Pet Battle
3051,Animated Cruor,WILDPET,Pet Battle
3030,Ashen Chomper,DROP,Drop
3033,Maw Stalker,DROP,Drop
2924,Tranquil Wader,WILDPET,Pet Battle
3052,Necroray Spawnling,WILDPET,Pet Battle
2923,Pearlwing Heron,VENDOR,Vendor
3029,Maw Crawler,DROP,Drop
3032,Frenzied Mawrat,DROP,Drop
3035,Lavender Nibbler,DROP,Drop
2892,Bound Lightspawn,DROP,Drop
2893,Animated Tome,DROP,Drop
2894,Burdened Soul,DROP,Drop
3034,Torghast Lurker,DROP,Drop
3036,Will of Remornia,DROP,Drop
3038,Undying Deathroach,DROP,Drop
2895,Lost Soul,WILDPET,Pet Battle
2896,Primordial Bogling,DROP,Drop
3054,Archivist's Quill,VENDOR,Vendor
3039,Decaying Mawrat,DROP,Drop
2897,Wrathling,DROP,Drop
2898,Raw Emotion,DROP,Drop
3044,Spinemaw Gormling,DROP,Drop
2878,Renny,QUEST,Quest
2899,Court Messenger,VENDOR,Vendor
2901,Trapped Stonefiend,DROP,Drop
2900,Dal,QUEST,Quest
2903,Crimson Dredwing Pup,DROP,Drop
2902,Dusky Dredwing Pup,WILDPET,Pet Battle
3014,Mire Creeper,WILDPET,Pet Battle
3015,Withering Creeper,WILDPET,Pet Battle
2907,Rocky,DROP,Drop
2904,Violet Dredwing Pup,VENDOR,Vendor
2905,Dodger,DROP,Drop
2910,Floofa,VENDOR,Vendor
2917,"Gloober, as G'huun",VENDOR,Vendor
3190,Vicious Leporid,WILDPET,Pet Battle
2946,Pernicious Bonetusk,DROP,Drop
2948,Boneweave Hatchling,DROP,Drop
3115,Clinging Remains,WILDPET,Pet Battle
3116,Invasive Buzzer,DROP,Drop
3117,Amaranthine Stinger,DROP,Drop
3173,Bufonid Croaker,WILDPET,Pet Battle
2960,Invertebrate Oil,DROP,Drop
2964,Foulwing Buzzer,DROP,Drop
2925,Golden Cloudfeather,DROP,Drop
2957,Writhing Spine,DROP,Drop
3118,Scurrying Mawrat,WILDPET,Pet Battle
3174,Archetype of Discovery,PROFESSION,Profession
2932,Silvershell Snapper,DROP,Drop
2940,Devoured Wader,DROP,Drop
3200,Scarlet Proto Avian,WILDPET,Pet Battle
3119,Lost Limb,WILDPET,Pet Battle
3189,Archetype of Multiplicity,PROFESSION,Profession
3079,Winterleaf Spriggan,ACHIEVEMENT,Achievement
3019,Stemmins,VENDOR,Vendor
3011,Battie,VENDOR,Vendor
2926,Fledgling Teroclaw,WILDPET,Pet Battle
2928,Helpful Glimmerfly,QUEST,Quest
2929,Vibrant Glimmerfly,WILDPET,Pet Battle
3141,Wild Corpsefly,WILDPET,Pet Battle
2959,Micromancer,DROP,Drop
2961,Sludge Feeler,DROP,Drop
2962,Toenail,VENDOR,Vendor
3012,Stony,DROP,Drop
3016,Fun Guss,VENDOR,Vendor
2930,Glimmerpool Hatchling,WILDPET,Pet Battle
2931,Brightscale Hatchling,VENDOR,Vendor
2947,Luminous Webspinner,DROP,Drop
2954,Plaguelouse Larva,VENDOR,Vendor
3017,Leafadore,VENDOR,Vendor
3018,Trootie,VENDOR,Vendor
2933,Sable,VENDOR,Vendor
2934,Goldenpaw Kit,VENDOR,Vendor
2935,Purity,DROP,Drop
2944,Oonar's Arm,DROP,Drop
2945,Corpulent Bonetusk,VENDOR,Vendor
3020,Runelight Leaper,DROP,Drop
3023,Sir Reginald,VENDOR,Vendor
2936,Copperfur Kit,WILDPET,Pet Battle
2938,Gilded Wader,DROP,Drop
2941,Indigo,VENDOR,Vendor
2942,Spirited Skyfoal,DROP,Drop
3022,Shimmerbough Hoarder,DROP,Drop
2937,Rustfur Kit,WILDPET,Pet Battle
2927,Fluttering Glimmerfly,WILDPET,Pet Battle
2939,Wader Chick,WILDPET,Pet Battle
2943,Wild Etherwyrm,WILDPET,Pet Battle
2955,Corpselouse Larva,DROP,Drop
3120,Grip of Terror,WILDPET,Pet Battle
3121,Grappling Gauntlet,DROP,Drop
3122,Irongrasp,DROP,Drop
3123,Deathroach,WILDPET,Pet Battle
3080,Verdant Kit,WILDPET,Pet Battle
3081,Decay Grub,WILDPET,Pet Battle
3082,Starmoth,WILDPET,Pet Battle
2958,Backbone,VENDOR,Vendor
3124,Vile Deathroach,WILDPET,Pet Battle
3125,Golden Eye,DROP,Drop
3126,Eye of Affliction,WILDPET,Pet Battle
2952,Bubbling Pustule,DROP,Drop
2949,Skittering Venomspitter,DROP,Drop
3013,Bloodlouse Larva,DROP,Drop
3021,Deepwood Leaper,WILDPET,Pet Battle
3127,Chompy,DROP,Drop
3128,Eye of Allseeing,DROP,Drop
3129,Eye of Extermination,DROP,Drop
3130,Gilded Darknight,DROP,Drop
3100,Timeless Mechanical Dragonling,VENDOR,Vendor
3101,Sly,ACHIEVEMENT,Achievement
3102,Animite Broodling,WILDPET,Pet Battle
3153,Blinky,PETSTORE,In-Game Shop
3175,Murkastrasza,PROMOTION,Promotion
2963,Mu'dud,VENDOR,Vendor
3061,Steward Featherling,VENDOR,Vendor
3062,Lost Featherling,DROP,Drop
3063,Larion Pouncer,DROP,Drop
3131,Mawsworn Minion,DROP,Drop
3132,Mord'al Eveningstar,ACHIEVEMENT,Achievement
3133,Rook,DROP,Drop
3134,Anxious Nibbler,WILDPET,Pet Battle
3045,Iridescent Ooze,DROP,Drop
3103,Copperback Etherwyrm,DROP,Drop
3104,Ruby Baubleworm,VENDOR,Vendor
3105,Turquoise Baubleworm,VENDOR,Vendor
3176,Tunneling Vombata,PROFESSION,Profession
3064,Larion Cub,DROP,Drop
3065,Courage,DROP,Drop
3083,Crawbat,WILDPET,Pet Battle
3179,Archetype of Animation,PROFESSION,Profession
3135,Young Garnetgullet,WILDPET,Pet Battle
3136,Korthian Specimen,DROP,Drop
3106,Topaz Baubleworm,VENDOR,Vendor
3107,Gurgl,QUEST,Quest
3178,Archetype of Motion,PROFESSION,Profession
3137,Mosscoated Gromit,DROP,Drop
3138,Domestic Aunian,VENDOR,Vendor
3108,Curious Purrkin,WILDPET,Pet Battle
3109,Silver Purrkin,WILDPET,Pet Battle
3139,Devourling,WILDPET,Pet Battle
3140,Gnashtooth,DROP,Drop
2950,Clutch,WILDPET,Pet Battle
3110,Gizmo,DROP,Drop
3111,Damp Skrat,WILDPET,Pet Battle
3188,Trub'ul,,
2956,Feasting Larva,DROP,Drop
2953,Shy Melvin,DROP,Drop
3112,Scavenging Skrat,WILDPET,Pet Battle
3113,Rarity,DROP,Drop
3114,Fodder,DROP,Drop
3066,Lucy,DROP,Drop
2965,Bloodfeaster Spiderling,VENDOR,Vendor
2967,Dredger Butler,QUEST,Quest
3197,Archetype of Metamorphosis,PROFESSION,Profession
3170,Resonant Echo,PROFESSION,Profession
3171,Omnipotential Core,PROFESSION,Profession
3172,Geordy,DROP,Drop
3169,Archetype of Focus,PROFESSION,Profession
3024,Char,DROP,Drop
3049,Pulsating Maggot,WILDPET,Pet Battle
3177,Drakks,PROMOTION,Promotion
2966,Sinheart,VENDOR,Vendor
3027,Hissing Deathroach,DROP,Drop
3092,Squibbles,DROP,Drop
3097,Flawless Amethyst Baubleworm,VENDOR,Vendor
2891,Blushing Spiderling,DROP,Drop
3098,Lil' Abom,DROP,Drop
3099,Infused Etherwyrm,DROP,Drop
2912,Dusty Sporeflutterer,VENDOR,Vendor
3181,Archetype of Serenity,PROFESSION,Profession
3180,Venomous Bufonid,WILDPET,Pet Battle
3046,Putrid Geist,VENDOR,Vendor
3025,Carpal,DROP,Drop
3026,Tower Deathroach,DROP,Drop
3028,Severs,DROP,Drop
3191,Timid Leporid,WILDPET,Pet Battle
3196,Proto Avian Fledgling,WILDPET,Pet Battle
3262,Violet Violence,ACHIEVEMENT,Achievement
3272,Pricklefury Hare,WILDPET,Pet Battle
3273,Magma Slug,WILDPET,Pet Battle
3368,Shiverweb Broodling,ACHIEVEMENT,Achievement
3053,Moon-Touched Netherwhelp,PROMOTION,Promotion
3202,Tarachnid Stalker,WILDPET,Pet Battle
3220,Archetype of Satisfaction,PROFESSION,Profession
3222,Shelly,PROFESSION,Profession
3223,Ambystan Darter,PROFESSION,Profession
3224,Fierce Scarabid,PROFESSION,Profession
3256,Jeweled Onyx Whelpling,PROFESSION,Profession
3248,Ichabod,PETSTORE,In-Game Shop
3255,Buttercup,VENDOR,Vendor
3260,Snowy Treeflitter,WILDPET,Pet Battle
3261,Wakyn,DROP,Drop
3242,Lil' Maka'jin,VENDOR,Vendor
3251,Buzzworth,VENDOR,Vendor
3252,Garrlok,TRADINGPOST,Trading Post
3253,Crushhoof,VENDOR,Vendor
3203,Tarachnid Ambusher,WILDPET,Pet Battle
3204,Archetype of Survival,PROFESSION,Profession
3243,Pippin,VENDOR,Vendor
3216,Ambystan Snapper,WILDPET,Pet Battle
3217,Aurelid Floater,WILDPET,Pet Battle
3218,Enraged Poultrid,WILDPET,Pet Battle
3219,Predatory Helicid,WILDPET,Pet Battle
3236,Gnomelia Gearheart,PROMOTION,Promotion
3221,Lightless Tormentor,ACHIEVEMENT,Achievement
3244,Drazka'zet the Wrathful,VENDOR,Vendor
3211,Archetype of Malice,PROFESSION,Profession
3214,Momma Vombata,WILDPET,Pet Battle
3249,Lil' Ursoc,PETSTORE,In-Game Shop
3250,Egbob,VENDOR,Vendor
3254,Watcher of the Huntress,VENDOR,Vendor
3342,Spyragos,QUEST,Quest
3331,Emmah,PROFESSION,Profession
3332,Patos,DROP,Drop
3480,Endmite,WILDPET,Pet Battle
3481,Stonewhisker,WILDPET,Pet Battle
3524,Devourer Lobstrok,DROP,Drop
3525,Abyssal Lurker,WILDPET,Pet Battle
3526,Snapjaw Lurker,,
3527,Void Lurker,,
3528,Paulie,VENDOR,Vendor
3366,Kindlet,WILDPET,Pet Battle
3276,Treeflitter,WILDPET,Pet Battle
3278,Pistachio,VENDOR,Vendor
3279,Bronze Racing Enthusiast,ACHIEVEMENT,Achievement
3280,Shyfly,WILDPET,Pet Battle
3344,Jeweled Sapphire Whelpling,PROFESSION,Profession
3333,Berylmane,DROP,Drop
3334,Time-Lost Vorquin Foal,VENDOR,Vendor
3482,Cobbleshell,WILDPET,Pet Battle
3515,Annuna,QUEST,Quest
3225,Violent Poultrid,PROFESSION,Profession
3226,Multichicken,PROFESSION,Profession
3227,Stabilized Geomental,PROFESSION,Profession
3259,Shaggy,DROP,Drop
3415,Cubbly,DROP,Drop
3425,[DNT] Storm Pet Boss - Rare,,
3345,Jeweled Amber Whelpling,PROFESSION,Profession
3346,Jeweled Ruby Whelpling,PROFESSION,Profession
3427,Driftling,VENDOR,Vendor
3516,Crimson Swoglet,VENDOR,Vendor
3446,Vortex,QUEST,Quest
3447,Tremblor,QUEST,Quest
3448,Wildfire,QUEST,Quest
3449,Flow,QUEST,Quest
3529,Rango,VENDOR,Vendor
3207,Archetype of Cunning,PROFESSION,Profession
3208,Red Viperid,WILDPET,Pet Battle
3209,King Viperid,WILDPET,Pet Battle
3210,Green Viperid,WILDPET,Pet Battle
3347,Jeweled Emerald Whelpling,PROFESSION,Profession
3348,Primal Stormling,QUEST,Quest
3247,Pocopoc,VENDOR,Vendor
3213,Vombata Pup,WILDPET,Pet Battle
3269,Azure Frillfish,DROP,Drop
3477,Puddlehopper,WILDPET,Pet Battle
3541,Ridged Shalewing,DROP,Drop
3350,Lord Basilton,QUEST,Quest
3517,Bronze Swoglet,,
3483,Boulderfang,WILDPET,Pet Battle
3484,Slabwing,WILDPET,Pet Battle
3485,Hollow Moth,WILDPET,Pet Battle
3245,Helpful Workshop Bot,WORLDEVENT,World Event
3406,Lady Feathersworth,ACHIEVEMENT,Achievement
3511,Blaise,DROP,Drop
3518,Lettuce,ACHIEVEMENT,Achievement
3266,Black Slyvern Pup,WILDPET,Pet Battle
3416,Troubled Tome,VENDOR,Vendor
3417,Pinkie,VENDOR,Vendor
3550,Undermoth,WILDPET,Pet Battle
3205,Metallic Scarabid,WILDPET,Pet Battle
3212,Bloodsucker Vespoid,WILDPET,Pet Battle
3512,Ambre,DROP,Drop
3359,Snowclaw Cub,WORLDEVENT,World Event
3360,Bugbiter Tortoise,WORLDEVENT,World Event
3361,Diamond Crab,WILDPET,Pet Battle
3362,Sapphire Crab,DROP,Drop
3365,Roseate Hopper,DROP,Drop
3237,E'rnee,QUEST,Quest
3321,Blackfeather Nester,DROP,Drop
3475,Volatile Self-Driving Toolbox,PROMOTION,Promotion
3378,Magic Nibbler,VENDOR,Vendor
3379,Crimson Proto-Whelp,VENDOR,Vendor
3539,Roseshell,,
3540,Brulee,QUEST,Quest
3513,Azure Swoglet,,
3514,Emerald Swoglet,,
4264,Fyrn,,
3246,Tezpet,,
3530,Miloh,VENDOR,Vendor
3531,Rusty,,
3380,Black Skitterbug,VENDOR,Vendor
3381,Gray Marmoni,VENDOR,Vendor
3542,Soot-Stained Shalewing,TRADINGPOST,Trading Post
3292,Phoenix Wishwing,QUEST,Quest
3293,Ashenwing,DROP,Drop
3294,Gerald,ACHIEVEMENT,Achievement
3295,Igneoid,WILDPET,Pet Battle
3296,Palamanther,WILDPET,Pet Battle
3297,Time-Lost Salamanther,PROMOTION,Promotion
3299,Echo of the Depths,DROP,Drop
3300,Ironbeak Duck,WILDPET,Pet Battle
3301,Wild Duckling,WILDPET,Pet Battle
3302,Pilot,QUEST,Quest
3532,Amador,,
3533,Brul,DROP,Drop
3534,Jerrie,,
3536,Bashful,QUEST,Quest
3229,Archetype of Renewal,PROFESSION,Profession
3230,Terror Jelly,PROFESSION,Profession
3231,Prototickles,PROFESSION,Profession
3232,Leaping Leporid,PROFESSION,Profession
3233,Archetype of Vigilance,PROFESSION,Profession
3234,Viperid Menace,PROFESSION,Profession
3235,Microlicid,PROFESSION,Profession
3491,Arfus,DROP,Drop
3519,Byrn,,
3201,Archetype of Predation,PROFESSION,Profession
3535,Diamondshell,VENDOR,Vendor
3206,Emerald Scarabid,WILDPET,Pet Battle
3405,Living Mud Mask,QUEST,Quest
3543,Ravenous Shalewing,WILDPET,Pet Battle
3303,Mallard Duckling,VENDOR,Vendor
3306,Quack-E,PROFESSION,Profession
3307,Plucky Duckling,WILDPET,Pet Battle
3309,Viridescent Duck,DROP,Drop
3310,Echo of the Heights,DROP,Drop
3311,Ohuna Companion,DROP,Drop
3313,Grassland Stomper,WILDPET,Pet Battle
3316,Lubbins,QUEST,Quest
3317,Hoofhelper,VENDOR,Vendor
3318,Thunderfoot Calf,WILDPET,Pet Battle
3403,Blue Dasher,WILDPET,Pet Battle
3404,Polliswog,WILDPET,Pet Battle
3486,Lithengale,WILDPET,Pet Battle
3544,Shalewing Devourer,WILDPET,Pet Battle
3545,Salverun,DROP,Drop
3546,Skaarn,DROP,Drop
3547,Jade Cragviper,WILDPET,Pet Battle
3319,Yipper,QUEST,Quest
3320,Whitewhisker,WILDPET,Pet Battle
3407,Scout,VENDOR,Vendor
3408,Petal,VENDOR,Vendor
3487,Scarlapod,WILDPET,Pet Battle
3488,Deepridger,WILDPET,Pet Battle
3489,Sunglow Cobra,WILDPET,Pet Battle
3579,Ysergle,PROMOTION,Promotion
3274,Alvin the Anvil,PROFESSION,Profession
3275,Chestnut,DROP,Drop
3351,Grizzlefur Cub,WILDPET,Pet Battle
3352,Razortooth Bear Cub,WILDPET,Pet Battle
3353,Stoneshell,WILDPET,Pet Battle
3354,Storm-Touched Ottuk,WILDPET,Pet Battle
3322,Woodbiter Piculet,WILDPET,Pet Battle
3323,Brightfeather,DROP,Drop
3263,Secretive Frogduck,ACHIEVEMENT,Achievement
3264,Crystalline Mini-Monster,ACHIEVEMENT,Achievement
3265,Mister Muskoxeles,ACHIEVEMENT,Achievement
3367,Emberling,WILDPET,Pet Battle
3376,Chip,VENDOR,Vendor
3537,Thimblerig,VENDOR,Vendor
3538,Tricky,QUEST,Quest
3286,Mister Toots,QUEST,Quest
3287,Ghostflame,VENDOR,Vendor
3288,Trunkalumpf,WILDPET,Pet Battle
3289,Echo of the Inferno,DROP,Drop
3290,Bunbo,DROP,Drop
3291,Scruffles,DROP,Drop
3335,Pale Baby Vorquin,WILDPET,Pet Battle
3325,Bakar Companion,DROP,Drop
3326,Backswimmer Timbertooth,VENDOR,Vendor
3490,Ebonwing Moth,WILDPET,Pet Battle
3493,Roland,ACHIEVEMENT,Achievement
3520,Jade Skitterbug,,
3270,Jean's Lucky Fish,VENDOR,Vendor
3336,Vorquin Runt,WILDPET,Pet Battle
3338,Kobaldt,DROP,Drop
3355,Echo of the Cave,DROP,Drop
3356,Chalkshell Turtle,WILDPET,Pet Battle
3357,Azure Crystalspine,WILDPET,Pet Battle
3358,Crimsonspine,WILDPET,Pet Battle
3327,Dusky Timbertooth,WILDPET,Pet Battle
3328,Tiny Timbertooth,WILDPET,Pet Battle
3476,Gilded Mechafrog,DROP,Drop
3478,Rock Martin,WILDPET,Pet Battle
3215,Mawtouched Geomental,WILDPET,Pet Battle
3548,Aquapo,DROP,Drop
3549,Heartseeker Moth,WORLDEVENT,World Event
3329,Storm-Touched Timbertooth,WILDPET,Pet Battle
3330,Buckie,VENDOR,Vendor
3414,Obsidian Proto-Whelp,VENDOR,Vendor
3479,Yellabon,WILDPET,Pet Battle
3521,Lord Stantley,DROP,Drop
3522,Savage Lobstrok,,
3523,Cheddar,VENDOR,Vendor
3281,Scruffy Ottuk,WILDPET,Pet Battle
3282,Swoglet,WILDPET,Pet Battle
3283,Snowlemental,WILDPET,Pet Battle
3284,Whiskuk,VENDOR,Vendor
3285,Luvvy,DROP,Drop
3589,Rusziona,QUEST,Quest
4287,Reverie,VENDOR,Vendor
4288,Blueloo,ACHIEVEMENT,Achievement
3551,Teardrop Moth,DROP,Drop
3552,Rithro,QUEST,Quest
3553,Nelthara,QUEST,Quest
3554,Senega,,
3555,Axel,ACHIEVEMENT,Achievement
3556,Kromos,,
4275,Flooftalon,WILDPET,Pet Battle
4276,Fol'ya Pup,WILDPET,Pet Battle
4277,Sapnibbler,WILDPET,Pet Battle
4263,Tobias,DROP,Drop
3590,Belastrasza,QUEST,Quest
3596,Kabluey,DROP,Drop
3582,Blub,TRADINGPOST,Trading Post
3588,Iggy,QUEST,Quest
4303,Snaggletoof,WILDPET,Pet Battle
3597,Princess Vorquistrasza,QUEST,Quest
3598,Zhusadormu,QUEST,Quest
3599,Zalethgos,QUEST,Quest
3600,Pallibrius,QUEST,Quest
3601,Posidriss,QUEST,Quest
3602,Somnius,QUEST,Quest
4278,Leyhart,WILDPET,Pet Battle
4279,Slumbertooth,WILDPET,Pet Battle
4280,Pewling,WILDPET,Pet Battle
4285,Sergeant Quackers,ACHIEVEMENT,Achievement
4286,Aura,PROMOTION,Promotion
3557,Roggy,ACHIEVEMENT,Achievement
4302,Pale Slumbertooth,WILDPET,Pet Battle
4255,Briarhorn Hatchling,WORLDEVENT,World Event
4257,Gill'dan,WORLDEVENT,World Event
4258,Jeepers,WORLDEVENT,World Event
4259,Doomrubble,WORLDEVENT,World Event
4260,Killbot 9000,WORLDEVENT,World Event
4261,Obsidian Warwhelp,WORLDEVENT,World Event
4262,N'Ruby,WORLDEVENT,World Event
4289,Dreamborne Scarab,VENDOR,Vendor
4290,Dreamhoof,VENDOR,Vendor
4291,Ivy,ACHIEVEMENT,Achievement
4292,Memorie,VENDOR,Vendor
4295,Napps,VENDOR,Vendor
4296,Snoozles,VENDOR,Vendor
3580,Baa'lial,PROMOTION,Promotion
3581,Mote of Nasz'uro,DISCOVERY,Discovery
3578,Newsy,QUEST,Quest
4266,Squally,PROMOTION,Promotion
4297,Kal'andu,QUEST,Quest
4298,Seedle,VENDOR,Vendor
4299,Dustite,VENDOR,Vendor
4300,Somnolet,VENDOR,Vendor
4267,Lil' Maggz,,
4304,Dream Badger,WILDPET,Pet Battle
4305,Snoots,VENDOR,Vendor
4306,Elmer,VENDOR,Vendor
4307,Spruce,VENDOR,Vendor
4265,Lil' Frostwing,ACHIEVEMENT,Achievement
4308,Juniper,VENDOR,Vendor
4253,Slyvy,PROMOTION,Promotion
4450,Remembered Riverpaw,VENDOR,Vendor
4568,Whoopy,PETSTORE,In-Game Shop
4569,Lil' Manny,,
4602,Claudius,TRADINGPOST,Trading Post
4435,Happy,DROP,Drop
4548,Marrlok,TRADINGPOST,Trading Post
4565,Trishi,TRADINGPOST,Trading Post
4566,Worgli the Apprehensive,TRADINGPOST,Trading Post
4485,Mossy Snail,WILDPET,Pet Battle
4483,Vile Bloodtick,WILDPET,Pet Battle
4484,Frenzied Bloodtick,WILDPET,Pet Battle
4451,Remembered Construct,VENDOR,Vendor
4452,Remembered Spawn,VENDOR,Vendor
4570,Cinderwold Sizzlestinger,QUEST,Quest
4571,Pinkskin Burrower,WILDPET,Pet Battle
4542,Slim,QUEST,Quest
4543,Sir Shady Mrrgglton Junior,VENDOR,Vendor
4544,Umbral Amalgam,WILDPET,Pet Battle
4545,Clay Stonecharger,,
4546,Sandstone Ramolith,VENDOR,Vendor
4436,Pokee,PROMOTION,Promotion
4309,Drowsey,VENDOR,Vendor
4310,Snorr,VENDOR,Vendor
4311,Mitzy,PROMOTION,Promotion
4595,Lil' Flameo,PROMOTION,Promotion
4589,Gale,PROMOTION,Promotion
4590,Flash,PROMOTION,Promotion
4591,Thundo,PROMOTION,Promotion
4581,Ruby-Eyed Stagshell,ACHIEVEMENT,Achievement
4582,Rak-Ush Battleshell,QUEST,Quest
4316,Lil' Wrathion,PROMOTION,Promotion
4421,Hoplet,PETSTORE,In-Game Shop
4409,Lovely Duckling,WORLDEVENT,World Event
4410,Beetriz,PROMOTION,Promotion
4411,Reese,ACHIEVEMENT,Achievement
4412,Hap'he,ACHIEVEMENT,Achievement
4498,Ebon Ploughworm,WILDPET,Pet Battle
4499,Common Ploughworm,WILDPET,Pet Battle
4500,Lil' Bonechewer,ACHIEVEMENT,Achievement
4506,Violet Sporbit,DROP,Drop
4507,Hemospore,WILDPET,Pet Battle
4521,Subterranean Dartswog,WILDPET,Pet Battle
4522,Troglofrog,WILDPET,Pet Battle
4599,Mind Slurp,DROP,Drop
4425,Glamrok,DROP,Drop
4426,Bubbles,DROP,Drop
4407,Nelle,PROMOTION,Promotion
4594,Dalaran Sewer Turtle,DISCOVERY,Discovery
4495,Skippy,VENDOR,Vendor
4496,Wriggle,DROP,Drop
4510,Winged Arachnoid,WILDPET,Pet Battle
4511,Venomwing,VENDOR,Vendor
4512,Sceaduthax,,
4513,Pillarnest Bonedrinker,DROP,Drop
4514,Fallowspark Glowfly,WILDPET,Pet Battle
4515,Azure Flickerfly,WILDPET,Pet Battle
4516,Vibrant Glowfly,WILDPET,Pet Battle
4596,Faithful Dog,DROP,Drop
4597,Wobbles,VENDOR,Vendor
4598,Coppers,VENDOR,Vendor
4455,Rak-Ush Threadling,VENDOR,Vendor
4456,Arachnoid Hatchling,WILDPET,Pet Battle
4457,Chitin Burrower,WILDPET,Pet Battle
4517,Waxwick,ACHIEVEMENT,Achievement
4518,Magmashell Crawler,WILDPET,Pet Battle
4519,Burntram,,
4520,Fathom Incher,QUEST,Quest
4524,Starkstripe Hopper,VENDOR,Vendor
4525,Fragrant Stonelamb,WILDPET,Pet Battle
4526,Sandstone Mosswool,WILDPET,Pet Battle
4586,Brown Leafbug,VENDOR,Vendor
4470,Oop'lajax,DROP,Drop
4471,Aubergine Scootlefish,WILDPET,Pet Battle
4477,Verdant Scootlefish,WILDPET,Pet Battle
4480,Shadowy Oozeling,WILDPET,Pet Battle
4527,Lil' Moss Rosy,DROP,Drop
4481,Voidling Ooze,WILDPET,Pet Battle
4482,Writhing Transmutagen,DISCOVERY,Discovery
4529,Shale Mosswool,WILDPET,Pet Battle
4530,Loamy,VENDOR,Vendor
4533,Meek Bloodlasher,WILDPET,Pet Battle
4534,Nightfarm Growthling,DROP,Drop
4535,Ghostcap Menace,WILDPET,Pet Battle
4536,Blightbud,DROP,Drop
4537,Chester,DROP,Drop
4538,Cobalt Ramolith,WILDPET,Pet Battle
4539,Granite Ramolith,WILDPET,Pet Battle
4540,Alabaster Stonecharger,WILDPET,Pet Battle
4541,Bedrock Stonecharger,WILDPET,Pet Battle
4460,Arathi Chicken,WILDPET,Pet Battle
4461,Greenlands Chicken,WILDPET,Pet Battle
4462,Thunder,QUEST,Quest
4463,Tiberius,VENDOR,Vendor
4464,Bean,VENDOR,Vendor
4465,Vanilla,QUEST,Quest
4466,Argos,WORLDEVENT,World Event
4573,Skittish Sniffler,WILDPET,Pet Battle
4574,Snuffling,WILDPET,Pet Battle
4575,Sneef,DROP,Drop
4576,Guacamole,VENDOR,Vendor
4577,Cinderhoney Emberstinger,WILDPET,Pet Battle
4437,Fathom,PROMOTION,Promotion
4467,Hallowed Glowfly,DROP,Drop
4469,Bop,DROP,Drop
4472,Shadowbog Hopper,DROP,Drop
4473,Spinner,DROP,Drop
4474,Anub'Rekyute,,
4476,Itchbite,VENDOR,Vendor
4592,Misty,VENDOR,Vendor
4579,Muskpaw Calf,ACHIEVEMENT,Achievement
4580,Astral Emperor's Serpentling,ACHIEVEMENT,Achievement
4593,Craggles,VENDOR,Vendor
4489,Bouncer,DROP,Drop
4490,Fuzzy,ACHIEVEMENT,Achievement
4491,Jump Jump,VENDOR,Vendor
4492,Fringe,VENDOR,Vendor
4408,Buggsy,PROMOTION,Promotion
4402,Teele,PROMOTION,Promotion
4406,Sarge,PROMOTION,Promotion
4756,Scourge of the Aspects,VENDOR,Vendor
4686,Specter,VENDOR,Vendor
4689,Karazhan Syphoner,VENDOR,Vendor
4731,Storm-Infused Snapdragon,WILDPET,Pet Battle
4732,Scavenging Snapdragon,WILDPET,Pet Battle
4692,Sparklesnap,DROP,Drop
4695,Parley,DROP,Drop
4852,Lil' Daz'ti,WORLDEVENT,World Event
4794,Mister Mans,VENDOR,Vendor
4704,Living Rose,WORLDEVENT,World Event
4628,Tidal Kroling,WILDPET,Pet Battle
4684,Timbered Sky Snakelet,PETSTORE,In-Game Shop
4690,Razeshi B.,PROMOTION,Promotion
4726,Crackleroar,DISCOVERY,Discovery
4804,Swiftpaw,VENDOR,Vendor
4727,Skitterbite,VENDOR,Vendor
4693,Alchemical Runoff,WILDPET,Pet Battle
4762,Tock the Clocker Spaniel,PETSTORE,In-Game Shop
4728,Teatuft Tamer,TRADINGPOST,Trading Post
4729,Fullbelly Rollingpaw,TRADINGPOST,Trading Post
4791,Thrrrdgl,PROMOTION,Promotion
4678,Lil'Doomy,VENDOR,Vendor
4679,Lil'Kaz,DROP,Drop
4708,Marmaduke,DISCOVERY,Discovery
4614,Gizmo the Pure,WORLDEVENT,World Event
4793,Weechi,TRADINGPOST,Trading Post
4718,Wind-Up Wuffi,VENDOR,Vendor
4719,Wind-Up Woofer,VENDOR,Vendor
4759,Craboom,DROP,Drop
4733,Merriment,PROMOTION,Promotion
4702,Rusty Kroling,WILDPET,Pet Battle
4703,Cave Kroling,WILDPET,Pet Battle
4710,Pillaged Parrot,WILDPET,Pet Battle
4711,Snapdragon Pup,WILDPET,Pet Battle
4792,Ada the Sweetest,TRADINGPOST,Trading Post
4631,Foreman,ACHIEVEMENT,Achievement
4632,Eepy,VENDOR,Vendor
4635,Goggles,WORLDEVENT,World Event
4701,Spotty,QUEST,Quest
4636,Mutt,DROP,Drop
4637,Wavebreaker Mechasaur,VENDOR,Vendor
4638,Crimson Mechasaur,VENDOR,Vendor
4639,Viridian Mechasaur,DROP,Drop
4640,Fun-Size Flarendo,VENDOR,Vendor
4757,Frumpy Softpaw,TRADINGPOST,Trading Post
4641,Rocketfist,VENDOR,Vendor
4642,Gorillion,QUEST,Quest
4643,Tiny Torq,VENDOR,Vendor
4644,Professor Punch,VENDOR,Vendor
4645,Bilgewater Junkhauler,VENDOR,Vendor
4646,Personal-Use Sapper,DROP,Drop
4647,Mr. DELVER,DROP,Drop
4648,Steamwheedle Flunkie,VENDOR,Vendor
4649,Blackwater Kegmover,VENDOR,Vendor
4650,Venture Companyman,VENDOR,Vendor
4651,Wily Rat,WILDPET,Pet Battle
4652,Acid-Drenched Rat,WILDPET,Pet Battle
4653,Lab Rat,VENDOR,Vendor
4654,Underroach,WILDPET,Pet Battle
4655,Cruncher,VENDOR,Vendor
4656,Bombshell Crab,WILDPET,Pet Battle
4657,Venture Bombshell,WILDPET,Pet Battle
4658,Cave Crab,WILDPET,Pet Battle
4659,Kaja Crab,WILDPET,Pet Battle
4660,Paleshell Crab,WILDPET,Pet Battle
4661,Mechagopher,VENDOR,Vendor
4662,Varmint MK II,WILDPET,Pet Battle
4663,Lime Roboclucker,WILDPET,Pet Battle
4664,Iron Chick,ACHIEVEMENT,Achievement
4666,Tropical Frog,WILDPET,Pet Battle
4667,Spring-Loaded Ribbitron,WILDPET,Pet Battle
4668,Ultrahopper EX,WILDPET,Pet Battle
4694,Portentous Present,WORLDEVENT,World Event
4669,Bluedoo,PROMOTION,Promotion
4682,Reven,PETSTORE,In-Game Shop
4691,Grunch,QUEST,Quest
4723,Cliffreach Cub,WILDPET,Pet Battle
4724,Battleboar Piglet,DISCOVERY,Discovery
4761,Pascal the Wonder Pup,TRADINGPOST,Trading Post
4615,Parrlok,TRADINGPOST,Trading Post
4616,Gummi,PROMOTION,Promotion
4747,Eye of Chaos,DROP,Drop
4748,Void-Scarred Parrot,DROP,Drop
4749,Void-Scarred Scorpid,VENDOR,Vendor
4750,Void-Scarred Tallstrider Chick,DROP,Drop
4617,Thrillbot 9000,PROMOTION,Promotion
4618,Chillbot 9000,PROMOTION,Promotion
4629,Brrrgl,PROMOTION,Promotion
4630,Gill'el,PROMOTION,Promotion
4730,Mech-Friend Maya,PETSTORE,In-Game Shop
4806,Spicy Mean-Ball,PROMOTION,Promotion
